website,email,phone,contacts.vk,contacts.instagram,contacts.facebook,avatar,label,location,metroStation,category,price.title,rating,parking,equipment,novice,children,owner,comments,subscribers,providerSubscribers
http://musorgskiy.music.mos.ru/,dmshmusorgskogo@culture.mos.ru,84956291010,,,,https://musorgskiy.music.mos.ru/upload/iblock/9cf/_11.png,ГБУДО г. Москвы «Детская музыкальная школа имени М.П. Мусоргского»,"Лесная улица, 19",Тимирязевская,music,500,0,true,false,true,true,,,,
http://vestadance.ru,info@vestadance.ru,48948671930,http://vk.com/vestaclub,,http://www.facebook.com/VestaDance,https://sun1-84.userapi.com/uT2XDi-niIn_XDQu5scv4AhGkw18tEO3Ew16nQ/6CZpc9BZNiw.jpg?ava=1,"Школа танцев Vesta, обучение танцам, уроки танцев в группе и инивидуально, залы в аренду.","Лесная улица, 20",Тимирязевская,dance,500,0,true,false,true,true,,,,
http://www.nataliasubocheva.ru,info@nataliasubocheva.ru,,https://vk.com,https://instagram.com,https://facebook.com,http://www.nataliasubocheva.ru/storage/logo/u-7f484dd319094d416ad052e87cebb0b5.png,Субочева Наталья: онлайн курс коммерческой иллюстрации,"Лесная улица, 21",Тимирязевская,art,500,0,true,false,true,true,,,,
http://sport-93.ru,s93@mossport.ru,84957884060,,,,,Государственное бюджетное учреждение Спортивная школа 93 Москомспорта,"Лесная улица, 22",Тимирязевская,sport_wrestling,500,0,true,false,true,true,,,,
https://badminton-vdnh.ru,badm-vdnh@yandex.ru,89164045494,https://vk.com/id340899568,https://www.instagram.com/badminton_club_vdnx/,https://www.facebook.com/badminton5.ru/,,Бадминтон в Москве,Бауманская ул. д.15,Тимирязевская,sport_game,500,0,true,false,true,true,,,,
http://ostrouhovaolga.ru/?cat=176,info@ostrouhovaolga.ru,89151102111,http://vk.com/ostrouhovaolga_danceschool,,https://www.facebook.com/dzheki.champion,https://sun1-98.userapi.com/c851220/v851220351/1ba622/g7n0lQEVYdA.jpg?ava=1,Школа танцев Остроуховой Ольги,Бауманская ул. д.16,Тимирязевская,dance,500,0,true,false,true,true,,,,
http://molchanov.music.mos.ru,dmshmolchanova@culture.mos.ru,84954513165,,,,,ГБУДО г. Москвы «Детская музыкальная школа имени К.В. Молчанова»,Бауманская ул. д.17,Тимирязевская,music,500,0,true,false,true,true,,,,
http://radchenko.music.mos.ru/,ms-radchenko@yandex.ru,84957777777,,,,,ГБУДО г. Москвы «Детская музыкально-хоровая школа имени И.И. Радченко»,Бауманская ул. д.18,Тимирязевская,music,500,0,true,false,true,true,,,,
http://www.chuan-shu.ru,czyzhan@gmail.com,89684621202,https://vk.com/club38342436,,,https://sun9-65.userapi.com/c840524/v840524172/5f372/nBkQ-WrRbbo.jpg?ava=1,Клуб боевых искусств Чуань-Шу 拳術 Цзыжань-Мэнь 自然 門 (кунг-фу 功夫),Бауманская ул. д.19,Тимирязевская,sport_wrestling,500,0,true,false,true,true,,,,
http://74.music.mos.ru,uslugi@mos.ru,84951059789,,,,,ГБУДО г. Москвы «Детская музыкальная школа №74»,Бауманская ул. д.20,Тимирязевская,music,500,0,true,false,true,true,,,,
http://sdushor56-basket.ru/,info@mbabasket.pro,84954677357,,,,,БАСКЕТБОЛЬНАЯ ШКОЛА СДЮCШОР №56,Бауманская ул. д.21,Тимирязевская,sport_game,500,0,true,false,true,true,,,,
http://www.virgo-show.com/,virgo-show@mail.ru,89166250796,https://vk.com/virgoshow,https://www.instagram.com/ballet_virgo_show/,https://www.facebook.com/groups/715851365126338/?pnref=story,"https://static.wixstatic.com/media/bfe9f1_326659771f794bc1b8f9826ac53d0f23.jpg/v1/fit/w_2500,h_1330,al_c/bfe9f1_326659771f794bc1b8f9826ac53d0f23.jpg https://sun9-66.userapi.com/c852120/v852120275/11edbd/JNIcJIVQMuA.jpg?ava=1",Шоу балет | Шоу балет VIRGO Show,3-я мытищинская д.3 стр.1,Алексеевская,dance,500,0,true,false,true,false,,,,
http://musicschool.moscow,info@ms4a.ru,89636812081,https://vk.com/away.php?to=https%3A%2F%2Fgoo.gl%2Fforms%2FWA9Vf32cfBeze8OC3&post=-40882798_1474&cc_key=,,https://www.facebook.com/groups/musicschool.moscow,,Музыкальная школа для взрослых Екатерины Заборонок,3-я мытищинская д.3 стр.3,,music,500,0,true,false,true,false,,,,
https://terball.ru/pingpong,inbox@terball.ru,84950551981,https://vk.com/terball,https://www.instagram.com/terball.ru/,https://www.facebook.com/terball.ru,https://terball.ru/sites/default/files/styles/image-400/public/gallery/trener_po_nastolnomu_tennisu_4.jpg?itok=cPi7BiFV https://sun1-23.userapi.com/c840439/v840439751/6b3c6/S-moU0IWj14.jpg?ava=1,Настольный теннис,"Москва, ул. Шарикоподшипниковская, 13 стр. 24",Дубровка,sport_game,500,0,true,false,true,false,,,,
http://www.championika.ru/,pr@championika.ru,89261835398,,,,https://championika.ru/_img/logo.png,"Занятия футболом для детей в Москве, тренировки для детей по футболу в Чемпионике","Москва, ул. Шарикоподшипниковская, 13 стр. 25",,sport_game,500,0,true,false,true,false,,,,
http://www.Boxing80.ru,,89651008080,https://m.vk.com/club68898966,http://www.instagram.com/boxing80_academy/,http://facebook.com/boxing80.ru/,http://boxing80.ru/wp-content/uploads/2017/08/IMG_6187.jpg https://sun9-57.userapi.com/c621703/v621703249/2528c/xnTCC-Q1EDI.jpg?ava=1,АКАДЕМИЯ БОКСА — Олимпийская деревня-80,"мичуринский проспект, олимпийская деревня дом.2",Юго-Западная,sport_wrestling,500,0,true,false,true,false,,,,
http://amfr.ru,shop@amfr.ru,84959261316,https://vk.com/amfr_official,https://www.instagram.com/amfr_official/,http://www.facebook.com/AMFRofficial,http://amfr.ru/local/templates/common/images/logo.png https://sun1-87.userapi.com/c631231/v631231740/35db2/LlMzbvPo6Oo.jpg?ava=1,Ассоциация мини-футбола России,"мичуринский проспект, олимпийская деревня дом.3",Шоссе Энтузиастов,sport_game,500,0,true,false,false,false,,,,
http://www.yafutbolist.ru/,support@maps.yandex.ru,84997858866,https://vk.com/yafutbolist2,https://www.instagram.com/fcwings/,,https://sun9-41.userapi.com/c830408/v830408440/9e135/QxID5QVYIPI.jpg?ava=1,Секция подготовки детей по футболу,"мичуринский проспект, олимпийская деревня дом.4",Шоссе Энтузиастов,sport_game,500,0,true,false,false,false,,,,
http://www.volleymsk.ru,foto@volleymsk.ru,89651179087,https://vk.com/album-377479_269432076,,,,volleymsk.ru | Любительская Волейбольная Лига,"мичуринский проспект, олимпийская деревня дом.5",Шоссе Энтузиастов,sport_game,500,0,true,false,false,false,,,,
http://www.badmintonik.com/,ya.ya-badmi@yandex.ru,89032048296,,,,,Бадминтоник,"мичуринский проспект, олимпийская деревня дом.6",Шоссе Энтузиастов,sport_game,500,0,true,false,false,false,,,,
http://championika.ru/,pr@championika.ru,89261835398,,,,https://championika.ru/_img/logo.png,"Занятия футболом для детей в Москве, тренировки для детей по футболу в Чемпионике","мичуринский проспект, олимпийская деревня дом.7",Шоссе Энтузиастов,sport_game,500,0,true,false,false,false,,,,
http://lafare.ru,pr@lafare.ru,,https://vk.com/lafare_ru?z=photo-100326371_415697734%2Falbum-100326371_00%2Frev,http://instagram.com/lafare.ru,http://facebook.com/lafare.ru,,Ляфаре - музыкальная школа,"мичуринский проспект, олимпийская деревня дом.8",Шоссе Энтузиастов,music,500,0,true,false,false,false,,,,
http://gay-sport.ru,info@gay-sport.ru,89087371081,http://vk.com/lgbtsport,,https://www.facebook.com/Russian.LGBT.Sports.Federation,https://sun9-62.userapi.com/c852320/v852320009/96bf6/tp_pA1m5BMk.jpg?ava=1,Федерация ЛГБТ-спорта,"мичуринский проспект, олимпийская деревня дом.9",Шоссе Энтузиастов,sport_game,500,0,true,false,false,false,,,,
http://www.trideviatoe.ru,info@it-brush.ru,84957965049,https://vk.com/studiapandorabox,,https://www.facebook.com/Trideviatoe/,https://trideviatoe.ru/img/catalog_menu_hover_pic.png https://sun1-16.userapi.com/IEc-t8AiZbRQtmcPrwbnsPWgsjjkFf9Yg6jtXg/RmhR3XEIDBA.jpg?ava=1,"Настольные игры, ролевые настольные игры и дайсы - Тридевятое",Сокольнический вал д. 52,Шоссе Энтузиастов,other,500,0,true,false,false,false,,,,
http://www.hanumanboxing.ru,,,,https://www.instagram.com/almazovcoach/,,,"HANUMAN. Бойцовский клуб Георгия Алмазова. Профессиональное обучение Тайскому боксу (Muay Thai), Боксу, Кикбоксингу, К-1",,Шоссе Энтузиастов,sport_wrestling,500,0,true,false,false,false,,,,
http://pravoepolusharie.ru,,,https://vk.com/krasimmir,http://www.instagram.com/anastasiyaleonidovna/,,https://sun1-17.userapi.com/c626124/v626124499/290b2/gMvaKxoPTms.jpg?ava=1,Правополушарное рисование - АртСтудия Анастасии Леонидовны,,Шоссе Энтузиастов,art,500,0,true,false,false,false,,,,
http://самбо-70.рф/sport/zapas/konek,miss.polkovnik@mail.ru,84954242208,,,,http://xn---70-5cdf9dpu.xn--p1ai/file_handler.php?image=6117,Самбо-70 - Конёк Чайковской,,Шоссе Энтузиастов,sport_wrestling,500,0,true,false,false,false,,,,
http://www.realchess.ru,realchess@inbox.ru,89267943131,https://vk.com/realchess,,,https://sun9-37.userapi.com/c848628/v848628164/13ff4c/6qthVk5I6ng.jpg?ava=1,Realchess — Частная школа шахмат,"Вспольный Переулок, Дом 6",Баррикадная,sport_game,500,0,true,false,false,false,,,,
http://www.s-dance.ru/,webmaster@s-dance.ru,89265756285,https://vk.com/club2135680,,,http://www.s-dance.ru/1main/life/2019-20/step2-1t.jpg https://sun1-96.userapi.com/O6nbREK53HYGtbQ04AJSH2P7VUrlNkDmBw6Vlg/Kv_LZB1t7L0.jpg?ava=1,"Школа бального танца для взрослых, начинающих и продолжающих","Электролитный проезд, д.3",Южная,dance,800,0,true,false,false,false,,,,
http://DanceSecret.ru,ask@dancesecret.ru,89629755523,,https://www.instagram.com/ballerinkasol/,https://www.facebook.com/DanceSecret/,,Балетная студия DanceSecret,"Электролитный проезд, д.4",Южная,dance,800,0,true,false,false,false,,,,
http://www.обучение-музыке.рф,,84996480692,https://vk.com/ulyanov_school,https://instagram.com/ulyanov_music_school/,https://facebook.com/groups/ulyanovschool2/,http://обучение-музыке.рф/wp-content/uploads/2020/04/KYH1xjJQWTg-360x270.jpg https://sun9-46.userapi.com/c856016/v856016130/5573e/xR03OMWZJVI.jpg?ava=1,Музыкальная школа для взрослых и детей,"Сумской проезд, 8к3",Чертановская,music,800,0,true,false,false,false,,,,
http://chessbw.com,chessbw@yandex.ru,89031134223,https://vk.com/yeschess,https://www.instagram.com/chess_bw/,https://www.facebook.com/groups/493043304202247/,https://sun9-44.userapi.com/c852024/v852024497/1b89fa/h3LEi-qT6Io.jpg?ava=1,Обучение шахматам | Москва | Шахматная школа Black&White,"Сумской проезд, 8к4",,sport_game,800,0,true,false,false,false,,,,
http://maghockey.com/,magic_hockey@list.ru,89253805565,https://vk.com/magic_hockey,https://www.instagram.com/magic_of_hockey/,https://www.facebook.com/magiyahokkeya/,https://maghockey.com/bitrix/templates/idw_mh/assets/img/test.jpg https://sun9-49.userapi.com/c625329/v625329330/8175/fkK_FtnO8Pc.jpg?ava=1,"Школа хоккея в Москве | Хоккейная школа ""Магия хоккея""",Маршала Катукова ул. 22,,sport_game,800,0,true,false,false,false,,,,
http://tdance.ru/,partner@tdance.ru,84957710613,https://vk.com/tdance,https://instagram.com/trinity_dance_studio/,https://www.facebook.com/trinitydancestudio,https://sun9-70.userapi.com/c849028/v849028959/1eec1/f0zvTutym8I.jpg?ava=1,Профессиональная школа танцев в Москве Trinity Dance,Маршала Катукова ул. 23,,dance,800,0,true,false,false,false,,,,
http://Goalie-master.ru,goalie-master@mail.ru,84966441653,,,,,Международная школа хоккейных вратарей - Goalie Master,Маршала Катукова ул. 24,,sport_game,800,0,true,false,false,false,,,,
http://danceliker.ru,info@danceliker.ru,89152245998,https://vk.com/danceliker,https://instagram.com/chichidky1gmsil.com5519,https://www.facebook.com/dancelikerschool,https://danceliker.ru/wp-content/uploads/2019/12/IMG_7716-e1577523147405.jpg https://sun9-27.userapi.com/c854016/v854016977/148119/nP3guQzuLAU.jpg?ava=1,Школа танцев в Москве. Танцевальная школа Москва,"2-я Фрунзенская улица, 10",Фрунзенская,dance,800,0,true,false,false,false,,,,
http://www.music4soul.ru,artlabmusic4soul@gmail.com,89859945551,https://vk.com/artlabmusicforsoul,,https://www.facebook.com/School4Soul/,https://music4soul.ru/wp-content/uploads/2014/07/block-img-first-alla1.png https://sun9-26.userapi.com/c847220/v847220173/6aeba/M172WhtOX6c.jpg?ava=1,Творческая лаборатория Музыка для Души,"2-я Фрунзенская улица, 11",Братиславская,music,800,0,true,false,false,false,,,,
http://a-volley.ru,8b4e078a51d04e0e9efdf470027f0ec1@sentry.wixpress.com,89999800708,https://vk.com/a.volley,https://www.instagram.com/lav_volley/,https://www.facebook.com/a.volley.ru/,"https://static.wixstatic.com/media/7e8e23_f7aa840965314fd8bcdc86f8be8d2748%7Emv2_d_1226_1280_s_2.jpg/v1/fit/w_2500,h_1330,al_c/7e8e23_f7aa840965314fd8bcdc86f8be8d2748%7Emv2_d_1226_1280_s_2.jpg ",Тренировки по волейболу | Любительская ассоциация волейбола,"2-я Фрунзенская улица, 12",Братиславская,sport_game,800,0,true,false,false,false,,,,
http://eclipse-dance.ru/show-balet.php,korneeva@eclipse-dance.ru,89263509936,,https://instagram.com/eclipsecheer?utm_source=ig_profile_share&igshid=1g6ym3ewnitol,,,Танцевальный шоу балет Eclipse. Выступления на вечеринках и корпоративах.,"2-я Фрунзенская улица, 13",Братиславская,dance,800,0,true,false,false,false,,,,
http://chertanovo-football.ru/,chertanovo-football@ya.ru,84957907773,https://vk.com/chertanovofootballschool,https://www.instagram.com/fcchertanovo/,https://www.facebook.com/fschertanovo,https://sun9-16.userapi.com/c636922/v636922507/4d2f7/aoYmGZlJoaA.jpg?ava=1,"Футбольная школа ""Чертаново""","2-я Фрунзенская улица, 14",Братиславская,sport_game,800,0,true,false,false,false,,,,
http://d4-d5.ru/shahmaty-v-moskve/,,,,,,http://d4-d5.ru/wp-content/uploads/2013/08/childcoolplay-300x225.jpg,Шахматы в Москве,"2-я Фрунзенская улица, 15",Братиславская,sport_game,800,0,true,false,false,false,,,,
http://www.dfl.org.ru/,dfl-rgo@mail.ru,88005501520,http://vk.com/dfl_russia,http://instagram.com/dfl_russia,https://www.facebook.com/dfliga,https://sun1-18.userapi.com/c844418/v844418603/448fe/fKHcmlYm5bQ.jpg?ava=1,Детская футбольная лига,"2-я Фрунзенская улица, 16",Братиславская,sport_game,800,0,true,false,true,false,,,,
http://www.kubokmira.com,etk@joma-russia.com,89295209937,http://vk.com/duckprint,,,,Официальный сайт Объединения Физкультурников и Спортсменов,"2-я Фрунзенская улица, 17",Братиславская,sport,800,0,true,false,true,false,,,,
http://www.balletclass.ru,natamiki44@mail.ru,89031737696,,,,,Балет для всех. Занятия балетом для взрослых. Балет для начинающих в группах и индивидуально.,"2-я Фрунзенская улица, 18",Братиславская,dance,800,0,true,false,true,false,,,,
http://football.msu.ru,mail@sportmsu.ru,89039619904,https://vk.com/msufootball,https://www.instagram.com/msuchamp/,,https://sun9-5.userapi.com/c852020/v852020179/1ad45f/OZtaWGftHvs.jpg?ava=1,Футбольное сообщество МГУ,"Ленинские горы, МГУ",Университет,sport_game,800,0,true,false,true,false,,,,
http://lhl-77.ru/,lhl-77@mail.ru,89264954844,https://vk.com/grizzlyhockey,https://instagram.com/lhl_77,https://www.facebook.com/77LHL,https://sun1-23.userapi.com/c858532/v858532515/a34fa/IpucNvJhK3Q.jpg?ava=1,"Любительская Хоккейная Лига ""ЛХЛ-77""","Ленинские горы, МГУ",Баррикадная,sport_game,800,0,true,false,true,false,,,,
http://rugby-slava.ru,info@rugby.ru,84999787019,https://vk.com/rugbyslava,https://www.instagram.com/slavarugby/,,http://rugby-slava.ru/wp-content/uploads/2020/04/Sergej-Popov-zhurnal-400x200.jpg https://sun9-34.userapi.com/c852228/v852228112/9983a/PpqgcokcDYY.jpg?ava=1,Официальный сайт регби-клуба Слава (Москва).,"Ленинские горы, МГУ",Баррикадная,sport_game,800,0,true,false,true,false,,,,
http://www.rg-mirol.com/,rgmirol@gmail.com,89263410660,,https://instagram.com/wix/,,"https://static.wixstatic.com/media/dca6e8_26e16419a65a4f4990e5ee230bfdb508~mv2_d_4000_2880_s_4_2.png/v1/fill/w_4000,h_2880,al_c/dca6e8_26e16419a65a4f4990e5ee230bfdb508~mv2_d_4000_2880_s_4_2.png","КХГ ""Мироль"" I Художественная гимнастика в Ново-Переделкино","Ленинские горы, МГУ",Баррикадная,sport,800,0,true,false,true,false,,,,
http://10dance.info,10dance@inbox.ru,84993909404,https://vk.com/tsk10dance,https://www.instagram.com/professional_dance_studio10/,https://www.facebook.com/10dance.info/,https://sun9-2.userapi.com/c637627/v637627017/3af15/RVj81NTmr7U.jpg?ava=1,"Спортивные бальные танцы,постановка свадебного танца",сталеваров 30,Баррикадная,dance,800,0,true,false,true,false,,,,
http://www.lowadi.ru,info@owlient.eu,85558881414,,https://instagram.com/howrse_official/,http://www.facebook.com/Howrse,https://www.lowadi.com/media/equideo/image/marketing/deco/mobile-lowadi.png,Разводите лошадей и управляйте конноспортивным комплексом,сталеваров 31,Баррикадная,other,800,0,true,false,true,false,,,,
http://www.shvana.ru,shvanayoga@mail.ru,89777575474,,https://www.instagram.com/shvana.ru/,https://www.facebook.com/shvanayoga,,Йога на Краснопресненской,сталеваров 32,Баррикадная,sport,800,0,true,false,true,false,,,,
http://www.hc-grad.ru,,84956638300,,,http://www.facebook.com/,https://hc-grad.ru/cache/resized/55a77fc7d038d30ad6de83443f540b7f.jpg,"Хоккейный комплекс Град - хоккейная команда, каток, прокат коньков, аренда льда, СДЮСШОР",сталеваров 33,Баррикадная,sport_game,800,0,true,false,true,false,,,,
http://stasov.music.mos.ru/,dmsh36stasova@mail.ru,84951059691,,,,https://stasov.music.mos.ru/upload/iblock/a48/banner_dmsh_v.v.stasova.jpg,ГБУДО г. Москвы «Детская музыкальная школа имени В.В. Стасова»,сталеваров 34,Баррикадная,music,800,0,true,false,true,false,,,,
http://www.kolibristar.ru/,kolibristar@mail.ru,84951059691,http://vk.com/club30686427,http://instagram.com/kolibristar,,https://sun1-88.userapi.com/YHbkRBrZMZmrkMgPgGb-KzCWJ203cXL0tO_9fA/UBmCgVwnEuE.jpg?ava=1,Спорт клуб художественной гимнастики КолибриСтар,сталеваров 35,,sport,800,0,true,false,true,false,,,,
http://www.chessmoscow.ru/index.php?topicID=5,ict@ynmoscow.ru,84951059691,,,,http://www.chessmoscow.ru/pictures/detschool-logo.png,Москва Шахматная. Клуб,сталеваров 36,,sport_game,800,0,true,false,true,false,,,,
http://aleksandrov.music.mos.ru,dmshaleksandrova@culture.mos.ru,84951059691,,,,,"ГОСУДАРСТВЕННОЕ БЮДЖЕТНОЕ УЧРЕЖДЕНИЕ ДОПОЛНИТЕЛЬНОГО ОБРАЗОВАНИЯ ГОРОДА МОСКВЫ ""ДЕТСКАЯ МУЗЫКАЛЬНАЯ ШКОЛА ИМЕНИ А.Н. АЛЕКСАНДРОВА""",,,music,800,0,true,false,true,false,,,,
http://роо50.рф,info@joinsport.io,84951059691,https://vk.com/id428202092,,,https://st.joinsport.io/news/1029177/5e63f28aeb2a9_440x293.jpg,НАРОДНЫЙ ХОККЕЙ 50+,"1-я Песчаная улица, 2А",,sport_game,800,0,true,false,true,false,,,,
http://www.sambo70.ru,bitza@sambo70.ru,84951059691,,,,http://xn---70-5cdf9dpu.xn--p1ai/file_handler.php?image=24768,Самбо-70 - Добро пожаловать!,"2-я Песчаная улица, 2А",,sport_wrestling,800,0,true,false,true,false,,,,
http://www.pfc-cska.com,pr@pfc-cska.com,84951059691,http://vk.com/pfc_cska,https://www.instagram.com/pfc_cska/,https://www.facebook.com/PFCCSKAMOSCOW/,https://www.pfc-cska.com/upload/iblock/aef/i_Jw7cgCC_X3.jpg https://sun1-92.userapi.com/c205828/v205828931/39415/WCdCDxiX5Dk.jpg?ava=1,ПФК ЦСКА,"3-я Песчаная улица, 2А",,sport_game,800,0,true,false,true,false,,,,
http://www.bolshoi.ru,pr@bolshoi.ru,84951059691,http://vk.com/bolshoitheatre,http://instagram.com/bolshoi_theatre,http://www.facebook.com/bolshoitheatre,https://sun1-99.userapi.com/c824603/v824603359/feefa/it0PQuaFjr0.jpg?ava=1,Большой театр,"4-я Песчаная улица, 2А",,dance,800,0,true,false,true,false,,,,
http://www.football-tv.ru,net@football-tv.ru,84951059691,,,https://www.facebook.com/,,"Телеканал Футбол, Онлайн трансляции Чемпионшип, футбол онлайн","5-я Песчаная улица, 2А",,sport_game,800,0,true,false,true,false,,,,
http://www.sambo.ru/,sambo@sambo.ru,84951059691,https://vk.com/sambo_federation,https://www.instagram.com/sambo.federation/,https://www.facebook.com/sambo.federation/,https://sun9-72.userapi.com/c858216/v858216003/1a97b5/n1vlmSuqUus.jpg?ava=1,Всероссийская федерация самбо,"Лужнецкая наб., 8",,sport_wrestling,800,0,true,false,true,false,,,,
http://www.naten.org,rabota@naten.org,84951059691,https://vk.com/ttnaten,https://www.instagram.com/ttnaten/?ref=badge,https://www.facebook.com/Naten.org,https://sun9-29.userapi.com/c637229/v637229510/2e49a/iKUv6eT4Uc4.jpg?ava=1,Поиграть в настольный теннис в Москве! Клуб настольного тенниса NATEN,"улица 1905 года, 7с1",Улица 1905 года,sport_game,800,0,true,false,true,false,,,,
http://rg4u.clan.su/,rg4u@ya.ru,84951059691,,https://www.instagram.com/plastic_gymnastic/,,,Художественная гимнастика для Вас,"улица 1905 года, 7с2",,sport,800,0,true,false,true,false,,,,
http://www.avangard-football.ru,camp@avangard-football.ru,84951059691,https://vk.com/afm_avangard,https://www.instagram.com/afm_avangard/,,https://sun9-41.userapi.com/c855632/v855632265/1e0ed9/N7k_FlylvqU.jpg?ava=1,Академия Футбольного Мастерства,"улица Адмирала Руднева, дом 4",Улица Горчакова,sport_game,800,0,true,false,true,false,,,,
http://www.wmfl.ru,info@amfr.ru,84951059691,https://vk.com/rfleague,https://www.instagram.com/rfleague,https://www.facebook.com/RFLeagueRUS/,https://st.joinsport.io/news/1031041/5e96f504e6a71_440x293.jpg https://sun9-16.userapi.com/c824604/v824604032/a4f7/kbvlwHSjL5E.jpg?ava=1,Женский футбол России,"улица Адмирала Руднева, дом 5",,sport_game,800,0,true,false,true,false,,,,
http://ff678.ru,supports-FamilySharing@2x-f58f31bc78fe9fe7be3565abccbecb34.png,84951059691,https://vk.com/ff678,https://www.instagram.com/ff678_official/,https://www.facebook.com/ff678,http://ff678.ru/images/map.png https://sun9-43.userapi.com/c848532/v848532624/1deac9/bPz9DJtQQ1U.jpg?ava=1,"Российская федерация футбола «8 на 8», «7 на 7», «6 на 6»","Дмитровское шоссе, 71Б",Верхние Лихоборы,sport_game,800,0,true,false,true,false,,,,
http://www.russiabasket.ru,it@russiabasket.ru,84951059691,http://vk.com/russiabasket,http://instagram.com/russiabasket,http://facebook.com/russiabasket,http://russiabasket.ru:80/Files/Publications/qupt0lo2.jpg https://sun1-83.userapi.com/c858024/v858024658/1cebfc/63ztzs_DOxw.jpg?ava=1,Главная страница / Российская Федерация Баскетбола,"Дмитровское шоссе, 71Б",Севастопольская,sport_game,800,0,true,false,true,false,,,,
http://ЦЕНТРБАЛЕТА.РФ,8b4e078a51d04e0e9efdf470027f0ec1@sentry.wixpress.com,84951059691,https://vk.com/centerballet,,https://www.facebook.com/centerballet/,"https://static.wixstatic.com/media/ccfb40_23ae4e50638e4cc19ab89c8c958adddf.jpg/v1/fill/w_181,h_121,al_c,q_80,usm_0.66_1.00_0.01,blur_2/ccfb40_23ae4e50638e4cc19ab89c8c958adddf.jpg https://sun9-52.userapi.com/c630017/v630017186/25735/M45hDWn9qbo.jpg?ava=1",Уроки хореографии для детей,Школа Танцы Балет Хореография,Севастопольская,dance,800,0,true,false,true,false,,,,
http://www.3Dballet.com,3dballet@mail.ru,84951059691,https://vk.com/mediabalet,https://www.instagram.com/russianmediaballet/,https://m.facebook.com/Russianmediaballet/,http://3dballet.com/wp-content/uploads/2018/06/Без-имени-1.png https://sun9-31.userapi.com/c604427/v604427685/2f18f/Jw_kpDAcgiI.jpg?ava=1,Русский мультимедийный театр балета – Полномасштабные классические постановки без изменений в репертуаре,Русский мультимедийный театр балета,Севастопольская,dance,800,0,true,false,true,false,,,,
http://kosatka-club.ru/,kosatkaschool@yandex.ru,84951059691,https://vk.com/club28048932,,,http://kosatka-club.ru/wp-content/uploads/2019/10/20191027_143900-640x250.jpg https://sun1-21.userapi.com/hkAnv88ykilebuHtQ6pqHSFcpVxr1FHb3itf6w/H8JGZd7cC9A.jpg?ava=1,КОСАТКА - клуб подводного плавания,Русский мультимедийный театр балета,Севастопольская,sport,800,0,true,false,true,false,,,,
http://russballet.ru,mk_rusbalet@mosreg.ru,84951059691,https://vk.com/russkij_balet,https://www.instagram.com/theatre_russian_ballet/,https://www.facebook.com/russkijbalet,https://sun9-35.userapi.com/c626424/v626424062/34a92/sU44xf4-GRw.jpg?ava=1,Театр балета Русский балет,Волгоградский 121,Севастопольская,dance,800,0,true,false,true,false,,,,
http://www.залбокса.рф,,89258573167,,,,,Зал бокса на автозаводской - залбокса.рф,Волгоградский 122,Севастопольская,sport_wrestling,800,0,true,false,false,false,,,,
http://www.orimen.ru,,89852325169,,,,,Клуб настольного тенниса на Авиомоторной — ОримеН,Волгоградский 123,Севастопольская,sport_game,800,0,true,false,false,false,,,,
http://www.zildance.ru,welcome@zilcc.ru,84956461477,https://vk.com/,https://www.instagram.com/,,http://zildance.ru/images/logo.png,Школа бального танца Бруно Белоусова,Волгоградский 124,Севастопольская,dance,800,0,true,false,false,true,,,,
http://www.yalins.ru,anka_slepova@inbox.ru,84956831517,,,,http://www.yalins.ru/images/logo_main_zhenlee.jpg,Питомник боксеров Жень Ли/ BOXER KENNEL ZHEN'LEE щенки боксера boxer puppies,Волгоградский 125,Севастопольская,other,800,0,true,false,false,true,,,,
http://rugby-slava.ru/,info@rugby.ru,84999787019,https://vk.com/rugbyslava,https://www.instagram.com/slavarugby/,,http://rugby-slava.ru/wp-content/uploads/2020/04/Sergej-Popov-zhurnal-400x200.jpg https://sun9-34.userapi.com/c852228/v852228112/9983a/PpqgcokcDYY.jpg?ava=1,Официальный сайт регби-клуба Слава (Москва).,Волгоградский 126,Севастопольская,sport_game,800,0,true,false,false,true,,,,
http://hustledance.ru/forum/viewtopic.php?f=1&t=4626,info@interium.pro,84957772123,http://vk.com/msnus,,,http://snus.sitebuilding.ru/dance/mike_and_kate2.jpg,Танцевальный клуб ДВИЖЕНИЕ,,Севастопольская,dance,1250,0,true,false,false,true,,,,
http://spartanec.com/,ivanov@gmail.com,89999999999,,,,http://www.spartanec.com/upload/resize_cache/iblock/c71/1130_590_2/xc71216b9fee0970c91fa70e0da142df5.jpg.pagespeed.ic.H54RDuIJHp.jpg,ДЮСШ «Спартанец» | Занятия баскетболом для детей в Москве | Школа баскетбола,,Севастопольская,sport_game,1250,0,true,false,false,true,,,,
http://WWW.SAMBO70.RU,khrustalny@sambo70.ru,84991342430,,,,http://xn---70-5cdf9dpu.xn--p1ai/file_handler.php?image=24768,Самбо-70 - Добро пожаловать!,,Севастопольская,sport_wrestling,1250,0,true,false,false,true,,,,
http://www.rugby.ru,press@rugby.ru,89629033439,https://vk.com/rugby,https://www.instagram.com/official_rur/,https://www.facebook.com/RussianRugby,https://sun1-22.userapi.com/c850608/v850608552/142953/VnLkKBYqJS8.jpg?ava=1,Федерация регби России,"Садовая-Кудринская улица, 11 с1",Баррикадная,sport_game,1250,0,true,false,false,true,,,,
http://Sunvolley.ru,info@sunvolley.ru,89268558812,https://vk.com/sunvolleyschool,https://www.instagram.com/SunvolleySchool/,,https://sun9-7.userapi.com/c206720/v206720019/11efd/-G67S22E8F8.jpg?ava=1,Школа волейбола Sunvolley. Обучение и тренировки по волейболу.,"Садовая-Кудринская улица, 11 с2",Пражская,sport_game,1250,0,true,false,false,true,,,,
http://самбо-70.рф,khrustalny@sambo70.ru,84991342430,,,,http://xn---70-5cdf9dpu.xn--p1ai/file_handler.php?image=24768,Самбо-70 - Добро пожаловать!,"Садовая-Кудринская улица, 11 с3",Пражская,sport_wrestling,1250,0,true,false,false,true,,,,
http://votprikid.ru/,info@votprikid.ru,89684474885,,,,https://votprikid.ru:443/image/catalog/glavnaya/polo-2.png,Печать на футболках от 15 минут в Москве - нанесение принта на футболке на заказ от 1 шт.,"Садовая-Кудринская улица, 11 с4",Пражская,other,1250,0,true,false,false,true,,,,
http://www.rusteam.permian.ru/,webmaster@permian.ru,,,,http://www.facebook.com/SbornayaRussia,http://rusteam.permian.ru/pictures/basic/sbornaya_rossii_200_200.jpg,Сборная России по футболу. Новости. История. Статистика,"Садовая-Кудринская улица, 11 с5",Пражская,sport_game,1250,0,true,false,false,true,,,,
http://pfkloko.ru,pfkloko@mail.ru,88007751520,,,http://www.facebook.com/BeachSoccerClubLokomotiv,http://pfkloko.ru/wp-content/uploads/2016/07/IMG_3388.jpg,"ПФК ""Локомотив"" Москва | Официальный сайт пляжного футбольного клуба ""Локомотив"" Москва","Садовая-Кудринская улица, 11 с6",Пражская,sport_game,1250,0,true,false,false,false,,,,
https://mirsambo.com/,info@mirsambo.com,89162030494,http://vk.com/mirsambo,https://www.instagram.com/world_of_sambo/,https://www.facebook.com/pages/%D0%9C%D0%B8%D1%80-%D0%A1%D0%B0%D0%BC%D0%B1%D0%BE/411196695686539,https://sun9-49.userapi.com/c616830/v616830143/18d40/t55lYRRTA-U.jpg?ava=1,Самбо в Москве,Спортивный клуб МИР САМБО,Пражская,sport_wrestling,1250,0,true,false,false,false,,,,
http://www.vestadance.ru/,info@vestadance.ru,27990771110,http://vk.com/vestaclub,,http://www.facebook.com/VestaDance,https://sun1-84.userapi.com/uT2XDi-niIn_XDQu5scv4AhGkw18tEO3Ew16nQ/6CZpc9BZNiw.jpg?ava=1,"Школа танцев Vesta, обучение танцам, уроки танцев в группе и инивидуально, залы в аренду.",,Пражская,dance,1250,0,true,false,false,false,,,,
http://ivara.ru/,dance@ivara.ru,89261857072,https://vk.com/ivara,https://www.instagram.com/ivara.studio/,https://www.facebook.com/IvaraStudio/,https://ivara.ru/images/new/news/app_big.jpg https://sun1-15.userapi.com/c841123/v841123551/1fe66/piViJR43d6o.jpg?ava=1,"Ивара — школа парных танцев в Москве: хастл, аргентинское танго, бачата, буги-вуги, west coast swing, сальса.","Нижняя Сыромятническая улица, 11с65",Курская (линия 5),dance,1250,0,true,false,false,false,,,,
http://fcunitra.ru,,89779919115,,,,http://fcunitra.ru/wp-content/uploads/2019/03/WhatsApp-Image-2018-06-28-at-12.43.32-2000x1500.jpeg,"""Юнитра"" Москва — детско-юношеский футбольный клуб","Нижняя Сыромятническая улица, 11с66",Бунинская аллея,sport_game,1250,0,true,false,false,false,,,,
http://www.amfr.ru/,comdep@amfr.ru,84952232348,https://vk.com/amfr_official,https://www.instagram.com/amfr_official/,http://www.facebook.com/AMFRofficial,http://www.amfr.ru/local/templates/common/images/logo.png https://sun1-87.userapi.com/c631231/v631231740/35db2/LlMzbvPo6Oo.jpg?ava=1,Ассоциация мини-футбола России,"Нижняя Сыромятническая улица, 11с67",Бунинская аллея,sport_game,1250,0,true,false,false,false,,,,
http://tkachenko-boxclub.ru,vostok-sport@mail.ru,88007002421,,,,,Школа Бокса Александра Ткаченко | Школа Бокса,"Нижняя Сыромятническая улица, 11с68",Бунинская аллея,sport_wrestling,1250,0,true,false,false,false,,,,
http://fitnessmania.ru,info@fitnessmania.ru,88007002421,https://vk.com/fitnessmania_lnsk,https://www.instagram.com/fitnessmania_lnsk/,https://www.facebook.com/fitnessmania.lnsk/,https://sun9-19.userapi.com/c837422/v837422349/45490/ihao2qFzdho.jpg?ava=1,ФитнесМания — Фитнес-клуб в Москве на Ленинском проспекте,"Ленинский проспект, 146",Юго-Западная,sport,1250,0,true,false,false,false,,,,
https://fsjunior.com/rus/ru/,support@fsjunior.com,88007002421,http://vk.com/fsjuniorcom,https://instagram.com/explore/tags/%D1%84%D1%88%D1%8E%D0%BD%D0%B8%D0%BE%D1%80/,https://www.facebook.com/FSJuniorpage,https://fsjunior.com/Content/images/logo.png https://sun1-27.userapi.com/KcQXMQ4JnvJtlJsHa9QP279nicNKks5Y2dwmhQ/dozFVDyTEpo.jpg?ava=1,Футбольная школа Юниор,"Ленинский проспект, 147",Марьино,sport_game,1250,0,true,false,false,false,,,,
http://naklenovom.ru,office@naklenovom.ru,88007002421,,,,,"Спортивный центр ""на Кленовом""","Ленинский проспект, 149",Марьино,sport,1250,0,false,false,false,false,,,,
http://www.show-exclusive.ru,rita776@mail.ru,88007002421,https://vk.com/exclusive.show,https://www.instagram.com/exclusive_showballet/,https://www.facebook.com/showexclusive/,https://sun9-69.userapi.com/c624217/v624217152/4e335/IQ8qDTEmGgE.jpg?ava=1,"Шоу-балет Эксклюзив - шоу балет в Москве, заказ шоу-балета, танцевальное шоу для мероприятий - Шоу-балет ""Эксклюзив""",,Марьино,dance,1250,0,false,false,false,false,,,,
http://Ramirashow.ru,,89258406312,https://vk.com/ramirashow,https://www.instagram.com/ramirashow/,https://www.facebook.com/ramirashow/,http://Ramirashow.ru/images/fb.png https://sun9-15.userapi.com/c850720/v850720364/1cdd6a/yTpxGb5DqSo.jpg?ava=1,"Заказать танец живота в Москве, Восточные танцы, Восточное Шоу, Китайские, Вьетнамские, Корейские танцы, Цыганские танцы, Бразильское Шоу.",,Марьино,dance,1250,0,false,false,false,false,,,,
http://balletida.ru,info@balletida.ru,84994991768,http://vk.com/club77838259,http://instagram.com/idanko_ballet,https://www.facebook.com/BalletIdanko/timeline,https://balletida.ru/images/about/hp_2.jpg https://sun9-53.userapi.com/c630231/v630231394/50136/zwWC8t8roIo.jpg?ava=1,Школа-студия балета 'Иданко' -  Сеть залов в Москве,,Марьино,dance,1250,0,false,false,false,false,,,,
http://www.hc-sokolniki.ru,hc-sokolniki@mail.ru,84957226367,http://vk.com/club163631010,http://www.instagram.com/hc_sokolniki,http://m.facebook.com/groups/178213216146608,"https://static.wixstatic.com/media/84770f_af4a8bf32767ed13ea218123feb91fc8.png/v1/fill/w_162,h_33,al_c,usm_0.66_1.00_0.01,blur_2/84770f_af4a8bf32767ed13ea218123feb91fc8.png https://vk.com/images/community_200.png?ava=1",ГЛАВНАЯ,"Хоккейный Клуб ""Сокольники""",Марьино,sport_game,1250,0,false,false,false,false,,,,
http://sambo-dolg.ru/,,,,,,http://sambo-dolg.ru/wp-content/uploads/2012/10/logo.png,Клуб Боевое Самбо | Клуб спортинвной борьбы,,Марьино,sport_wrestling,1250,0,false,false,false,false,,,,
http://www.swimgym.ru,swim.gym@yandex.ru,84994329669,,https://www.instagram.com/swimgymclub/,https://www.facebook.com/swimandgymclub/,https://www.swimgym.ru/upload/images/pic-card.png,"Фитнес-клуб на Проспекте Вернадского, Раменки — Swim & Gym",,Марьино,sport,1250,0,false,false,false,false,,,,
http://www.nosovschool.ru,info@nosovschool.ru,89636904994,http://vk.com/nosovschool2014,https://www.instagram.com/nosovschool.ru/?hl=ru,http://www.facebook.com/nosovschool,,Школа боевых искусств Дмитрия Носова,,Марьино,sport_wrestling,1250,0,false,false,false,false,,,,
http://www.amfr.ru,dr@amfr.ru,84952232348,https://vk.com/amfr_official,https://www.instagram.com/amfr_official/,http://www.facebook.com/AMFRofficial,http://www.amfr.ru/local/templates/common/images/logo.png https://sun1-87.userapi.com/c631231/v631231740/35db2/LlMzbvPo6Oo.jpg?ava=1,Ассоциация мини-футбола России,,Марьино,sport_game,1250,0,false,false,false,false,,,,
http://gradopolov-boxing.ru,,89265252175,https://vk.com/box_butovo,,,https://sun9-30.userapi.com/c840738/v840738827/7a737/HZO1YPoA7_8.jpg?ava=1,"Бокс в Бутово, секция бокса - Градополов Боксинг",Бокс в Бутово - Градополов Боксинг,Марьино,sport_wrestling,1250,0,false,false,false,false,,,,
http://www.cska-hockey.ru/,shop@cska-hockey.ru,88007000349,https://vk.com/hccska,https://www.instagram.com/hccska/,https://www.facebook.com/cska.hockey,https://sun1-27.userapi.com/c857228/v857228896/138d6e/Sn2TOgL2Yro.jpg?ava=1,Профессиональный хоккейный клуб ЦСКА,ул. Автозаводская 23А,Автозаводская,sport_game,1000,0,false,false,false,false,,,,
http://mastersathletics.ru,mosathletics@mail.ru,,https://vk.com/athletics_veterans,,https://www.facebook.com/groups/1196907990424915,https://sun9-57.userapi.com/c630519/v630519309/3d3f3/kvZQpJwGpzY.jpg?ava=1,Лёгкая атлетика. Ветераны — Легкая атлетика для атлетов старше 35 лет,,,sport,1000,0,false,false,false,false,,,,
http://balleta.ru,,89031503040,http://vk.com/balleta,,http://facebook.com/balletmoscow,http://balleta.ru/images/balet_nabor1.jpg https://sun1-24.userapi.com/1hE1U-gMwYi-uAeytAHnb2hmNI3dpVeZfOQGAw/j8sVpsshhsQ.jpg?ava=1,"Школа-студия балета в Москве: балет для взрослых и детей, боди-балет","Большой Овчинниковский пер., 24с5",Новокузнецкая,dance,1000,0,false,false,false,false,,,,
http://football-mipt.ru/,org@football-mipt.ru,88005507984,https://vk.com/footballmipt,https://www.instagram.com/footballmipt/,https://www.facebook.com/footballmipt/,https://sun9-55.userapi.com/c636424/v636424766/10cd8/2aBmHu2w0d4.jpg?ava=1,"Футбольный клуб ""Физтех""",,,sport_game,1000,0,false,false,false,false,,,,
http://fcmos.pro,info@fcmos.pro,84954097179,http://vk.com/fcmos_pro,http://instagram.com/fcmos.pro,http://facebook.com/Детская-Футбольная-ШКОЛА-1232379906854732,https://sun9-61.userapi.com/c604831/v604831828/2d4cf/nR0seovFfVw.jpg?ava=1,"ФК ""Москва"" — Детская футбольная школа при Московской федерации футбола","ФК ""Москва"" - детская футбольная школа",,sport_game,1000,0,false,false,true,false,,,,
http://www.galladance.com/,hi@itech-group.ru,69714291725,http://vk.com/club20195808,https://www.instagram.com/galladance/,http://www.facebook.com/pages/%D0%A2%D0%B0%D0%BD%D1%86%D0%B5%D0%B2%D0%B0%D0%BB%D1%8C%D0%BD%D1%8B%D0%B5-%D0%BA%D0%BB%D1%83%D0%B1%D1%8B-GallaDance/152330564788203?ref=ts&amp,fref=ts,https://www.galladance.com/schedule/?city=rostov-na-donu,"Краснопресненская набережная, 12",Улица 1905 года,dance,1000,0,false,false,true,false,,,,
http://chess-chertanovo.ru,chess1school@gmail.com,89265251947,https://vk.com/club150301776,,,https://sun9-3.userapi.com/c855416/v855416846/13f9cf/DSxuKLTDSMw.jpg?ava=1,"Шахматный клуб ""Чертаново"" | Шахматы в Чертаново","м.Пражская, ул.Кировоградская, д.24/2",Люблино,sport_game,1000,0,false,false,true,false,,,,
http://dokschitser.music.mos.ru/,dmshdokshicera@culture.mos.ru,84996488148,https://vk.com/dokschitser,,,https://sun9-15.userapi.com/c845221/v845221164/f7786/R74ZRE7sL1o.jpg?ava=1,ГБУДО г. Москвы «Детская музыкальная школа имени Т.А. Докшицера»,Неманский проезд д.5 к.2,Люблино,music,1000,0,false,false,true,false,,,,
http://www.school-dance.ru,school-dance@mail.ru,89169707691,https://vk.com/balletschoolharmony,https://www.instagram.com/balletschoolharmony/,https://www.facebook.com/balletschoolharmony,http://school-dance.ru/wp-content/plugins/all-in-one-seo-pack/images/default-user-image.png https://sun9-56.userapi.com/c857032/v857032076/156605/Z-0Y_InLWfs.jpg?ava=1,"АНОДО Хореографическая школа ""Гармония""","ул. Профсоюзная, 96",Люблино,dance,1000,0,false,false,true,false,,,,
http://www.puanta.ru,ballet@puanta.ru,89663430673,https://vk.com/club159439272,,https://www.facebook.com/Puanta-1534370656677877/,https://sun9-35.userapi.com/c834400/v834400598/a7a1c/axuguRsElg0.jpg?ava=1,Занятия балетом в Москве | обучение балету и хореографии,Костомаровский пер 3 стр 3,Люблино,dance,1000,0,false,false,true,false,,,,
http://needfprint.ru,,,,,,http://needfprint.ru/uploads/sanki-kolyaska-nika-7-2-kupit.jpg,"Юла - доска объявлений в Красноярске, бесплатные частные объявления",Костомаровский пер 3 стр 4,Люблино,dance,1000,0,false,false,true,false,,,,
http://wsdance.com,,89150566626,https://vk.com/wsdance,https://instagram.com/wsdance,https://www.facebook.com/wsdance,https://wsdance.com/bitrix/templates/wsdanc/images/logo.png https://sun1-83.userapi.com/cAPlaU_GBDLSY1AT8FiONjpygwNM_4RvRG9RZQ/LRL7McToNq4.jpg?ava=1,Школа танцев в Москве,"1-я Тверская-Ямская улица, 8",Люблино,dance,1000,0,false,false,true,false,,,,
https://championika.ru/,pr@championika.ru,89163078910,,,,https://championika.ru/_img/logo.png,"Занятия футболом для детей в Москве, тренировки для детей по футболу в Чемпионике","1-я Тверская-Ямская улица, 9",Люблино,sport_game,1000,0,false,false,true,false,,,,
http://athockey.ru,mail@athockey.ru,84951512152,http://vk.com/athockey,https://instagram.com/athockey.ru,https://www.facebook.com/athockey/,https://athockey.ru/wp-content/themes/wpshopbiz/images/logon.png https://sun9-70.userapi.com/c622526/v622526353/423bd/Xhnsmja2YT4.jpg?ava=1,Хоккейная школа. Тренировки по хоккею в Москве,"Кутузовский проспект, д.14 , Москва",Люблино,sport_game,1000,0,false,false,true,false,,,,
http://www.varyag-club.ru/,info@varyag-club.ru,84952361467,https://vk.com/skbivaryagclub,https://www.instagram.com/varyag_club/,https://www.facebook.com/varyagclub/,https://sun1-29.userapi.com/XaFEPHNJrw3xHxM0AhHEBRDOzbuUn4zyzWdFMg/XJKZZi_5sZw.jpg?ava=1,Единоборства в Москве,"Хорошёвский проезд, 14",Люблино,sport_wrestling,1000,0,false,false,true,false,,,,
http://96.music.mos.ru/,uslugi@mos.ru,89165247099,,,,https://96.music.mos.ru/upload/iblock/c85/na_sayt.jpg,ГБУДО г. Москвы «Детская музыкальная школа №96»,"Хорошёвский проезд, 15",Люблино,music,1000,0,false,false,true,false,,,,
http://imperialdance.ru/,,,https://vk.com/tsk_imperial,https://www.instagram.com/imperialdance.ru,,https://imperialdance.ru/wp-content/uploads/2020/01/news-326x245.jpg https://vk.com/images/community_200.png?ava=1,ImperiAL — школа танцев в Краснодаре.,"Хорошёвский проезд, 16",Люблино,dance,1000,0,false,false,true,false,,,,
http://www.ultra-fitness.ru,Rating@Mail.ru,84995004459,https://vk.com/ultra_fitness,https://www.instagram.com/ultrafitnes/,https://www.facebook.com/ultrafitness24,https://ultra-fitness.ru/wp-content/uploads/2017/07/cards_02.png https://sun9-42.userapi.com/c840332/v840332296/54443/0mzoCCL2amQ.jpg?ava=1,Ultra-Fitness | Фитнес-клуб в Люберцах,"ул. Побратимов, 7",Люблино,sport,1000,0,false,false,true,false,,,,
http://www.ivara.ru/,dance@ivara.ru,89261857072,https://vk.com/ivara,https://www.instagram.com/ivara.studio/,https://www.facebook.com/IvaraStudio/,https://ivara.ru/images/new/news/app_big.jpg https://sun1-15.userapi.com/c841123/v841123551/1fe66/piViJR43d6o.jpg?ava=1,"Ивара — школа парных танцев в Москве: хастл, аргентинское танго, бачата, буги-вуги, west coast swing, сальса.","Нижняя Сыромятническая улица, 11с65",Курская (линия 5),dance,1000,0,false,false,true,false,,,,
http://tabletennis.hobby.ru/,tabletennis@atemi.ru,88002009366,,,,,Настольный теннис в России,"Нижняя Сыромятническая улица, 11с66",,sport_game,1000,0,false,false,true,false,,,,
http://vigodnee.ru/beysbolki-optom-48/,,84950054523,,https://instagram.com/vigodnee.ru,,,Бейсболки женские и мужсике купить оптом от производителя в интернет магазине,"Нижняя Сыромятническая улица, 11с67",,dance,1000,0,false,false,true,false,,,,
http://piraniaclub.ru,piraniaclub@yandex.ru,89999999999,https://vk.com/piraniamoscow,https://www.instagram.com/piraniaclub.ru/,https://www.facebook.com/piraniaclub.ru,https://piraniaclub.ru/logo.png https://sun9-10.userapi.com/c847019/v847019572/dce46/8l4SPt20vxI.jpg?ava=1,Тайский бокс в Москве,"улица Антонова-Овсеенко, 6с1",Выставочная,sport_wrestling,1000,0,false,false,true,false,,,,
http://moscow-show.com,support@bazaartistov.com,89219548223,https://vk.com/active_style_show,,,https://sun9-36.userapi.com/c638722/v638722296/6155/LrCLNPGWs0o.jpg?ava=1,Active Style Dance Show | Танцевальное шоу чемпионов России,"улица Антонова-Овсеенко, 6с2",Театральная,dance,1000,0,false,false,true,false,,,,
http://www.footballmsk.ru,,84950884184,https://vk.com/footballfmsk,https://www.instagram.com/footballmskclub/,https://www.facebook.com/Footballmsk/,https://footballmsk.ru/wp-content/uploads/2019/06/stad2.jpg https://sun9-61.userapi.com/c852036/v852036142/da13e/S6ixh2pFV9A.jpg?ava=1,Детская футбольная школа для детей от 5 до 15 лет в Москве,"Отделение на Толбухина 10, к4",Театральная,sport_game,1000,0,false,false,true,false,,,,
http://www.rusathletics.ru,info@rusathletics.com,89807443318,https://vk.com/rusathleticscom,,https://www.facebook.com/RusAthletics/,https://sun9-27.userapi.com/c841524/v841524326/dc3/xjlLWi5HaGc.jpg?ava=1,RusAthletics – Легкая атлетика России,"Отделение на Толбухина 10, к5",Театральная,sport,1000,0,false,false,true,false,,,,
http://yayadance.ru,info@yayadance.ru,89154824587,https://vk.com/balletstretchclasses,https://instagram.com/ya_ya_dance,https://www.facebook.com/balletstretchclasses,http://yayadance.ru/wp-content/themes/new-thema/images/pic-right.jpg https://sun1-23.userapi.com/RlwICS6HmP48CAhA5z3ryd1j02XyIUK_q_3XLA/YXp2AUkNpkY.jpg?ava=1,Школа боди балета и стретчинга обучения шпагату и растяжке,YaYaDance → Растяжка → Шпагат → Балет,Театральная,dance,1000,0,false,false,true,false,,,,
http://novikov.music.mos.ru,dmshnovikova@culture.mos.ru,84999732690,,,,,ГБУДО г. Москвы «Детская музыкальная школа имени А.Г. Новикова»,,Театральная,music,1000,0,false,false,true,false,,,,
http://visions-dance.ru,visions-dance@ya.ru,89032015455,http://vk.com/visions.show,https://www.instagram.com/visions.show/,,https://sun9-8.userapi.com/c11495/g17700879/d_6f2de0e4.jpg?ava=1,Шоу Балет,,,dance,1000,0,false,false,true,false,,,,
http://babolat.ru,babolat@babolat.ru,89162594455,https://vk.com/babolat_russia,https://www.instagram.com/nevatennis/,https://www.facebook.com/BabolatRU,https://sun9-27.userapi.com/c638219/v638219046/3c8a9/jLCtaOvuJgI.jpg?ava=1,Теннис,Ходынский бульвар 19,ЦСКА (линия 8А),sport_game,1000,0,false,false,true,false,,,,
http://www.Judo.ru,tchistotina@judo.ru,89261539208,https://vk.com/russianjudofederation,https://www.instagram.com/rusjudoteam/,https://www.facebook.com/russianjudo/notifications/,https://sun9-46.userapi.com/c855032/v855032987/156f66/8ry_85_I7pQ.jpg?ava=1,Федерация дзюдо России,Ходынский бульвар 20,,sport_wrestling,1000,0,false,false,true,false,,,,
http://danceschool.moscow/,,,https://vk.com/id8395679,http://instagram.com/danceschool.moscow,http://www.facebook.com/roman.samokhvalov.3,,Школа танцев D.A.N.C.E. - Обучение Хастлу в Москве,Ходынский бульвар 21,,dance,1000,0,false,false,true,false,,,,
http://mba-mossport.ru/,mba@mossport.ru,84999000114,https://vk.com/id539294178,https://www.instagram.com/mbamossport/?igshid=68mdsehesewj,https://www.facebook.com/groups/340135659961289/,,"Московская баскетбольная академия, Москва",Ходынский бульвар 22,,sport_game,1000,0,false,false,true,false,,,,
http://bulatgold.ru/,fightclubbulat@gmail.com,89653106134,https://vk.com/fightclubbulatgold,https://instagram.com/fight_club_bulatgold/,https://www.facebook.com/groups/fightclubbulat/,http://bulatgold.ru/wp-content/uploads/2015/11/Buakav_1.jpg https://sun9-51.userapi.com/c636728/v636728920/5a5c3/5BdpDS7Z9AM.jpg?ava=1,Тайский бокс в Москве | Клуб тайского бокса Булат Голд.,"ул. 1-я Ямская, д.8",Марьина роща,sport_wrestling,1000,0,false,false,true,false,,,,
https://sambo.sport,info@rossambo.ru,89603788733,https://vk.com/fias_official,https://www.instagram.com/sambo_fias/,https://www.facebook.com/InternationalSamboFederation,https://sun1-26.userapi.com/c857632/v857632664/1d1614/dw23POcOgFg.jpg?ava=1,International SAMBO Federation (FIAS),"ул. 1-я Ямская, д.9",Площадь революции,sport_wrestling,1000,0,false,false,true,false,,,,
http://badm.pro,info@badm.pro,817993015,https://vk.com/badmpro,,http://www.facebook.com/badmPRO,https://sun9-48.userapi.com/c623900/v623900471/19614a/8l8d5DUyRaQ.jpg?ava=1,"Клуб спортивного бадминтона ""BadmPRO""","ул. 1-я Ямская, д.10",Площадь революции,sport_game,1000,0,false,false,true,false,,,,
http://www.boxerpab.ru,info@morepages.ru,89150802830,https://vk.com/peekaboo_boxing,,,https://sun9-26.userapi.com/c630918/v630918747/3ff57/hZBhJHV85HY.jpg?ava=1,"Секция бокса м. Бауманская, бокс клуб PEEK-A-BOO","ул. Аптекарский переулок, д.3/22",Площадь революции,sport_wrestling,1000,0,false,false,true,false,,,,
http://etalon.dance/,danceclub.etalon@gmail.com,89256222602,https://vk.com/danceclub_etalon,https://www.instagram.com/danceclub_etalon/,https://www.facebook.com/danceclub.etalon/,https://sun9-64.userapi.com/c638819/v638819332/4b011/yyXRotQR3K4.jpg?ava=1,Школа танцев Эталон,"ул. Аптекарский переулок, д.3/23",Площадь революции,dance,1000,0,false,false,true,false,,,,
http://ima-lianozovo.ru/,takeshifg@yandex.ru,84991108568,https://vk.com/ima_club_tayskiy_boks,https://www.instagram.com/demis.kiurdzhidis/,,https://sun9-19.userapi.com/c847018/v847018476/e3cb1/7m30EiGFAM8.jpg?ava=1,"ИМА — Тайский бокс, кикбоксинг, бокс для всех! — ИМА — Тайский бокс, кикбоксинг, бокс для всех!","ул. Аптекарский переулок, д.3/24",Площадь революции,sport_wrestling,1000,0,false,false,true,false,,,,
http://www.tverjudo.ru,hr@infolio.ru,,https://vk.com/forward_tver,,,https://sun9-49.userapi.com/c855120/v855120147/1c63a9/aUt796ec2aE.jpg?ava=1,"ТРОО Дзюдо - Дзюдо, Тверь","пр-кт Калинина, дом 15, стр.1 ",Площадь революции,sport_wrestling,1000,0,false,false,true,false,,,,
https://educhess.ru,hr@educhess.ru,89259091271,https://vk.com/educhess,https://www.instagram.com/educhess.ru/,https://www.facebook.com/educhess.school/,https://educhess.ru/images/i/index/chess-for-groups.jpg https://sun9-42.userapi.com/c857536/v857536983/b0be1/xmby0PcpjlI.jpg?ava=1,«EduChess» – школа шахмат для детей и взрослых.,"пр-кт Калинина, дом 15, стр.1 ",Площадь революции,sport_game,1000,0,false,false,true,false,,,,
http://PLANETJUDO.RU,buhtiarov.boris@yandex.ru,89166087223,,,https://www.facebook.com/planetjudoru/,,Общество изучения боевых искусств Планета Дзюдо,"пр-кт Калинина, дом 15, стр.1 ",Площадь революции,sport_wrestling,1000,0,false,false,true,false,,,,
http://pvl12.chat.ru,pvl12@inbox.ru,84956402436,,,,,"Пуля Чайкина латунная охотничья. 12 калибр, 16 калибр, 20 калибр, 410 калибр.","пр-кт Калинина, дом 15, стр.1 ",Площадь революции,other,1000,0,false,false,true,false,,,,
http://www.dynamo-bandy.ru,support@rusbandy.ru,89160659666,,,,,«Клуб по хоккею с мячом «Динамо»,"пр-кт Калинина, дом 15, стр.1 ",Площадь революции,sport_game,1000,0,false,false,true,false,,,,
http://kungfu-laos.ru,info@kungfu-laos.ru,89164708709,https://vk.com/northbuddhatemple,,https://www.facebook.com/kpv.otsn?fref=ts,http://kungfu-laos.ru/uploads/posts/2010-09/thumbs/1285578082_img_9228-k.jpg https://sun9-50.userapi.com/c322221/v322221892/51cf/85EYC0COuLM.jpg?ava=1,Обучение боевым искусствам,"деревня Рекино-Кресты, 68",Площадь революции,sport_wrestling,1000,0,false,false,true,false,,,,
https://terball.ru/volleyball,inbox@terball.ru,84950551981,https://vk.com/terball,https://www.instagram.com/terball.ru/,https://www.facebook.com/terball.ru,https://terball.ru/sites/default/files/styles/image-400/public/gallery/img_6331_0.jpg?itok=HCnMMoMH https://sun9-61.userapi.com/c840439/v840439751/6b3c6/S-moU0IWj14.jpg?ava=1,Волейбол,"Москва, ул. Шарикоподшипниковская, 13 стр. 24",Дубровка,sport_game,1000,0,false,false,true,false,,,,
http://laplageclub.ru,,89653016061,https://vk.com/laplage_club,https://www.instagram.com/plage.su/,,https://sun9-50.userapi.com/c847120/v847120930/134276/bQ-STjG-3Q8.jpg?ava=1,La Plage Club - Пляжный волейбол и теннис в Москве круглый год,Электролитный проезд 3стр2,,sport_game,1000,0,false,false,true,false,,,,
http://Chess-News.ru,info@chess-news.ru,,,,,,Новости шахмат,Электролитный проезд 3стр3,,sport_game,1000,0,false,false,true,false,,,,
http://chesnokov.music.mos.ru/,chesnokovschool@mail.ru,88007070053,,,,,ГБУДО г. Москвы «Детская музыкальная школа имени П.Г. Чеснокова»,Электролитный проезд 3стр4,,music,1000,0,false,false,true,false,,,,
http://ivara.ru,dance@ivara.ru,89963490100,https://vk.com/ivara,https://www.instagram.com/ivara.studio/,https://www.facebook.com/IvaraStudio/,https://ivara.ru/images/new/news/app_big.jpg https://sun1-15.userapi.com/c841123/v841123551/1fe66/piViJR43d6o.jpg?ava=1,"Ивара — школа парных танцев в Москве: хастл, аргентинское танго, бачата, буги-вуги, west coast swing, сальса.","Нижняя Сыромятническая улица, 11с65",Курская (линия 5),dance,1000,0,false,false,true,false,,,,
http://sch2101.mskobr.ru/,art@sch2101.ru,84997929505,,,,,"Государственное бюджетное общеобразовательное учреждение города Москвы ""Школа № 2101""","Нижняя Сыромятническая улица, 11с66",,other,1000,0,false,false,true,false,,,,
http://www.golos-zemli.com,info.goloszemli@gmail.com,,https://vk.com/golos_zemli,https://www.instagram.com/golos_zemli/,https://www.facebook.com/profile.php?id=100009107928779,"https://static.wixstatic.com/media/3d0b7d_6d57fce8271244ea989a2b09686e2711~mv2_d_2560_1707_s_2.jpg/v1/fill/w_658,h_439,al_c,q_80,usm_0.66_1.00_0.01,blur_2/3d0b7d_6d57fce8271244ea989a2b09686e2711~mv2_d_2560_1707_s_2.jpg https://sun9-3.userapi.com/c206716/v206716822/ca76a/ouBbcMIXqaU.jpg?ava=1",Уроки вокала в Москве Голос Земли Музыкальная школа нового поколения,"ул.Старая Басманная, д.36/2",Бауманская,music,1000,0,false,false,true,true,,,,
http://www.at-dance.ru,at-dance@ya.ru,88007000608,http://vk.com/atdance,https://www.instagram.com/atdance.ru/,https://www.facebook.com/atdanceschool,http://at-dance.ru/wp-content/uploads/2015/09/main.jpg https://sun9-50.userapi.com/c639921/v639921652/52516/OcPeGsLhDN0.jpg?ava=1,"рок-н-ролл, хастл, твист","ул.Старая Басманная, д.36/3",Бауманская,music,1000,0,false,false,true,true,,,,
http://colibridance.ru,info@colibridance.ru,84993500717,,,,,"Танцевальное шоу Колибри - Заказать шоу балет в Москве на свадьбу, корпоратив, юбилей день рождения",,Бауманская,dance,1000,0,false,false,true,true,,,,
http://www.zaleevteam.ru,info1@zaleevteam.ru,89619999393,,https://www.instagram.com/zaleevteam/,https://www.facebook.com/zaleevteam,,"Клуб смешанных единоборств, ММА, bjj, боевое самбо, грэпплинг",,Бауманская,sport_wrestling,1000,0,false,false,false,true,,,,
http://shino-box.ru/,info@shino-box.ru,84997034995,,https://www.instagram.com/shinoboxru/?hl=ru,https://ru-ru.facebook.com/shinoboxru,,Шино-Бокс на Магистральной - шиномонтаж и хранение шин,,,other,1000,0,false,false,false,true,,,,
https://footballlab.ru/,info@footballlab.ru,84994991425,https://vk.com/footballlab_ru,https://www.instagram.com/footballlab.ru/,,https://sun9-56.userapi.com/c844520/v844520959/122d57/Sp6RB9E-OTE.jpg?ava=1,Детская футбольная школа Football Lab г. Москва,"Москва, ул Складочная, 1с53",Савёловская (линия 9),sport_game,1000,0,false,false,false,true,,,,
https://vk.me/club181726684,,,https://vk.com/club181726684,,,https://sun1-19.userapi.com/cmoSnhtSwmeoN4og2n49QrQlS6wT6g5CygHsmA/95TveTiOu_0.jpg?ava=1,Написать сообщение «Бесплатные Прогнозы Ставки Теннис Футбол»,"Москва, ул Складочная, 1с54",,other,1000,0,false,false,false,true,,,,
https://www.nashaigra.ru/,info@nashaigra.ru,88005006338,https://vk.com/nashaigramoscow,https://www.instagram.com/nasha_igra/,https://www.facebook.com/nashaigra.ru/,https://www.nashaigra.ru/upload/iblock/cc5/cc5c2b4d469cb9c102a252f5b407ca44.jpeg https://sun1-99.userapi.com/ALlH73Pal6FtWlDBSiif8ffV-yw1HbFWGkp9mg/SzoA7vzPou0.jpg?ava=1,Хоккейная экипировка с доставкой в интернет магазине Наша Игра,"ул. Мневники, 10 корпус 1, Москва, Россия, 123308",Хорошёво (МЦК),sport_game,1000,0,false,false,false,true,,,,
http://проф-бокс.рф,reception@rusboxing.ru,84951331706,https://vk.com/mosbox,https://www.instagram.com/boxing_people/,https://www.facebook.com/profile.php?id=100012383079995,https://sun9-37.userapi.com/c855036/v855036440/2954b/8s20zRuCQgc.jpg?ava=1,Бокс в Москве: Занятия боксом для взрослых и детей в Московской школе бокса,"5-й Новоподмосковный переулок, 6",Войковская,sport_wrestling,1000,0,false,false,false,true,,,,
http://www.urokirisovaniya.ru/,estet-art@bk.ru,84993917522,,,,,"Уроки рисования для взрослых, курсы для начинающих","5-й Новоподмосковный переулок, 7",,art,1000,0,false,false,false,true,,,,
https://artkatura.wixsite.com/spontannoe1,,,https://vk.com/event181350100?w=wall-181350100_20,https://www.instagram.com/art_katura/,https://www.facebook.com/ekaterina.polyashova,,Курс спонтанного рисования,"5-й Новоподмосковный переулок, 8",,art,200,0,false,false,false,true,,,,
http://WRESTRUS.RU,teheran@dks.ru,84957254741,http://vk.com/wrestrus_ru,http://instagram.com/wrestrus_ru,http://www.facebook.com/#!/pages/%D0%A4%D0%B5%D0%B4%D0%B5%D1%80%D0%B0%D1%86%D0%B8%D1%8F-%D1%81%D0%BF%D0%BE%D1%80%D1%82%D0%B8%D0%B2%D0%BD%D0%BE%D0%B9-%D0%B1%D0%BE%D1%80%D1%8C%D0%B1%D1%8B-%D0%A0%D0%BE%D1%81%D1%81%D0%B8%D0%B8/157559734312018,https://sun1-20.userapi.com/c837222/v837222940/16fa0/CBue0atCQYo.jpg?ava=1,Федерация спортивной борьбы России,"5-й Новоподмосковный переулок, 9",,sport_wrestling,200,0,false,false,false,true,,,,
http://www.perun-pro.ru,perun-pro@mail.ru,84951525272,http://vk.com/perunfightclub,https://instagram.com/perunclub/,,https://sun9-16.userapi.com/c840325/v840325489/6dc93/u7jhp93_zhA.jpg?ava=1,"Центр единоборств в Москве ""Перунъ""","улица Свободы, 89к5",Планерная,sport_wrestling,200,0,false,true,false,true,,,,
http://www.agata1991.ru,agata1991@list.ru,88126007733,,,http://facebook.com/,http://agata1991.ru/thumb/2/a3fPsq-_jxYlie6ql2z1fQ/r/d/perya7_0.jpg,"Заказать шоу балет, танцевальное шоу - танцовщицы на праздник в шоу балет Агата г. Москва","улица Свободы, 89к6",Охотный ряд,dance,200,0,false,true,false,true,,,,
http://championika.ru,pr@championika.ru,89255734445,,,,https://championika.ru/_img/logo.png,"Занятия футболом для детей в Москве, тренировки для детей по футболу в Чемпионике","улица Свободы, 89к7",Охотный ряд,sport_game,200,0,false,true,false,true,,,,
http://amfr.ru/league/stud-league/,comdep@amfr.ru,88002005434,https://vk.com/amfr_official,https://www.instagram.com/amfr_official/,http://www.facebook.com/AMFRofficial,http://amfr.ru/local/templates/common/images/logo.png https://sun1-87.userapi.com/c631231/v631231740/35db2/LlMzbvPo6Oo.jpg?ava=1,Ассоциация мини-футбола России,"улица Свободы, 89к8",Охотный ряд,sport_game,200,0,false,true,false,true,,,,
http://SAMBO.RU,info@studsport.ru,84957254683,https://vk.com/sambo_federation,https://www.instagram.com/sambo.federation/,https://www.facebook.com/sambo.federation/,https://sun9-72.userapi.com/c858216/v858216003/1a97b5/n1vlmSuqUus.jpg?ava=1,Всероссийская федерация самбо,"Лужнецкая наб., 8",Охотный ряд,sport_wrestling,200,0,false,true,false,true,,,,
http://www.rugby-tushino.ru/,rugby_tushino@mail.ru,84959480058,,,,,ГБУ «СШОР № 103 «Южное Тушино» Москомспорта,"Лужнецкая наб., 9",Охотный ряд,sport,200,0,false,true,false,true,,,,
http://showtimedancer.ru,rf-dance@mail.ru,89169973680,http://vk.com/sagalovadanceschool,http://instagram.com/Sagalova_dance_school,,https://sun9-19.userapi.com/c619117/v619117725/2c47/G2KGUxlPzxo.jpg?ava=1,Школа танцев в Москве | студия современного танца Дарьи Сагаловой,"ул.Шарикоподшипниковская,38стр1",Охотный ряд,dance,200,0,false,true,false,true,,,,
http://PlayBasket.ru,info@playbasket.ru,89856003127,https://vk.com/playbasketru,https://www.instagram.com/playbasket.ru/,https://www.facebook.com/playbasket.ru/,https://sun9-65.userapi.com/c845523/v845523801/1eb276/qZ12xPPL9LE.jpg?ava=1,Любительский баскетбол в Москве. Где поиграть в баскетбол в Москве,"ул.Шарикоподшипниковская,38стр2",,sport_game,200,0,false,true,false,true,,,,
https://terball.ru/badminton,inbox@terball.ru,84950551981,https://vk.com/terball,https://www.instagram.com/terball.ru/,https://www.facebook.com/terball.ru,https://terball.ru/sites/default/files/styles/image-400/public/gallery/img_8068.jpg?itok=JdQQ-IsE https://sun9-61.userapi.com/c840439/v840439751/6b3c6/S-moU0IWj14.jpg?ava=1,Бадминтон,"Москва, ул. Шарикоподшипниковская, 13 стр. 24",Дубровка,sport_game,200,0,false,true,false,true,,,,
https://www.lazuritrgs.com/,8b4e078a51d04e0e9efdf470027f0ec1@sentry.wixpress.com,89017917927,,,,"https://static.wixstatic.com/media/c570aa_e7f182a031bb4fd9807f45eff598cd08%7Emv2.jpg/v1/fit/w_2500,h_1330,al_c/c570aa_e7f182a031bb4fd9807f45eff598cd08%7Emv2.jpg",Художественная гимнастика,"Москва, ул. Шарикоподшипниковская, 13 стр. 25",Дубровка,sport,200,0,false,true,false,true,,,,
http://www.waterpolonline.ru/,--Rating@Mail.ru,,,,,,Водное поло,"Москва, ул. Шарикоподшипниковская, 13 стр. 26",Дубровка,sport_water,200,0,false,true,false,true,,,,
http://podkatki.ru,admin@hello-site.ru,89152316463,https://vk.com/podkatki_hockey,https://instagram.com/podkatki.ru?igshid=1by49wnp0njw,https://www.facebook.com/podkatki/,https://sun9-43.userapi.com/c638516/v638516558/442d/U6qnZmDl9q8.jpg?ava=1,Тренировки по хоккею / Хоккейные подкатки / Занятия вне льда Москва,Тренировки по хоккею.Подкатки.(podkatki.ru),Дубровка,sport_game,200,0,false,true,false,true,,,,
http://footorg.ru,4you@dusof.ru,89015784804,https://vk.com/footorg.section,https://www.instagram.com/ofp.deti/,,https://sun9-61.userapi.com/c845421/v845421603/187a4a/3tfkKmgli7I.jpg?ava=1,Организация футбола,"улица Каховка, 20А",Новые Черёмушки,sport_game,200,0,false,true,false,true,,,,
http://www.school-boxing.ru/,8b4e078a51d04e0e9efdf470027f0ec1@sentry.wixpress.com,89269333844,,https://www.instagram.com/schoolboxing/,,"https://static.wixstatic.com/media/64bdb6_4894487b115b48bfac15ced41161ef2d~mv2_d_5120_2880_s_4_2.jpg/v1/fill/w_5120,h_2880,al_c/64bdb6_4894487b115b48bfac15ced41161ef2d~mv2_d_5120_2880_s_4_2.jpg",Школа бокса Александра Кузнецова,"улица Каховка, 20А",Новые Черёмушки,sport_wrestling,200,0,false,true,false,true,,,,
http://www.deafsportmos.ru/,depsport@mos.ru,89251494048,,https://www.instagram.com/fedsportdeafmos/,https://www.facebook.com/fedsportdeafmos,,Федерация спорта глухих города Москвы,"улица Каховка, 20А",Новые Черёмушки,sport,200,0,false,true,false,true,,,,
http://www.dms8.ru/,allegro@comail.ru,,https://vk.com/dms8ostrovsky,,https://www.facebook.com/dms8ostrovsky/,"https://static.wixstatic.com/media/49ffce_a6189e706b654d87859a09850c20a3f2.png/v1/fill/w_317,h_324,al_c/49ffce_a6189e706b654d87859a09850c20a3f2.png https://sun9-16.userapi.com/c637827/v637827412/9cea/UqdKGLJOR9Y.jpg?ava=1",Детская музыкальная школа | ДМШ 8 имени Аркадия Островского,"Ленинский проспект, 45",Ленинский проспект,music,200,0,false,true,false,true,,,,
http://mazaica.ru/spontannoe/,katura555@yandex.ru,,https://vk.com/event181350100,https://www.instagram.com/tv/Bx-L4UnhviS/,,http://mazaica.ru/wp-content/uploads/2019/04/53752132_1217620061720689_258415885708951552_n-1200x847.jpg,Спонтанное рисование,"Ленинский проспект, 46",Ленинский проспект,art,200,0,false,true,false,true,,,,
http://www.schelkunchik.ru,post@schelkunchik.ru,84991350879,http://vk.com/httpwww.schelkunchik.ru32,,https://www.facebook.com/groups/schelkunchik32/,https://schelkunchik.ru/images/stories/sk_b5_2020_2.jpg https://sun1-15.userapi.com/eMIrBoFRs5Hf456veckpLD7wM2Hyj5VyG1J8_Q/iHSCyQrE58M.jpg?ava=1,Щелкунчик Школа балета,"Ленинский проспект, 47",Ленинский проспект,dance,200,0,false,true,false,true,,,,
http://vldinamo.ru/,info@vcdynamo.ru,84955346153,https://vk.com/vldinamo,https://www.instagram.com/vldinamo/,https://www.facebook.com/vldinamo,https://sun9-48.userapi.com/c857120/v857120432/13dcdc/9dSLzubjVEk.jpg?ava=1,Женский волейбольный клуб «Динамо» (Москва).,"ул. Садовническая, д. 24, строение 6",Новокузнецкая,sport_game,200,0,false,true,false,false,,,,
http://ok.ru/group52523880153183,,,https://ok.ru/dk?cmd=logExternal&st.cmd=logExternal&st.sig=VQH4G4O_HnwBwRKNjbcf-FbZsR2joGVyL143_Dn9EX4&st.link=https%3A%2F%2Fvk.com%2Fvvkucherenko&st.name=externalLinkRedirect&st.tid=66964945040735&st._aid=WideFeed_openLink,,,https://i.mycdn.me/i?r=AzGBqNaF5OQp2lMpnhRx4DEFiB1bDauVVpl1tmeWMJT1riPK78DvFuGwxaG1OhhVNuU,"Школа Фигурного Катания ""МАСТЕР-КЛАСС"" г. Чехов","ул. Садовническая, д. 24, строение 7",Новокузнецкая,sport,200,0,false,true,false,false,,,,
http://basketballterritory.ru/,mail@newbasket.ru,89104676043,https://vk.com/basketterritory,https://instagram.com/basketterritory?igshid=1xtaddj3c34io,https://www.facebook.com/basketterritory/,https://sun9-54.userapi.com/c854428/v854428657/19a566/eoH4Ayv-IGw.jpg?ava=1,Баскетбольный лагерь «Территория баскетбола»,"Олимпийская улица, 4",Новокузнецкая,sport_game,200,0,false,true,false,false,,,,
http://thaiboxing.ru,wpfl@list.ru,89150064372,https://vk.com/academy_muaythai,https://www.instagram.com/amt/,https://www.facebook.com/academymuaythai,https://sun9-9.userapi.com/c845419/v845419624/1a28a9/aP9ih8QQuwk.jpg?ava=1,THAI BOXING | Академия Муай Тай - Москва,Академическая Б. ул.38,Новокузнецкая,sport_wrestling,200,0,false,true,false,false,,,,
http://novikov.music.mos.ru/,dmshnovikova@culture.mos.ru,84956745692,,,,,ГБУДО г. Москвы «Детская музыкальная школа имени А.Г. Новикова»,Академическая Б. ул.39,Новокузнецкая,music,200,0,false,true,false,false,,,,
http://extrimpower.ru,boxsila@mail.ru,84956496423,https://vk.com/mirboksa,https://instagram.com/udarnik_boxing/,http://www.facebook.com/mirboksa,http://extrimpower.ru/images/o_klube/sektsia-boksa-v-moskve-shkola-boksa-udarnik.jpg https://sun1-17.userapi.com/c638521/v638521848/2ae68/WSfK5FQYkFw.jpg?ava=1,Секция бокса в Москве «Ударник» - тренировки по боксу,Большая Семеновская улица д. 42,Электрозаводская,sport_wrestling,200,0,false,true,false,false,,,,
http://easy.run/,1701@easy.run,,https://vk.com/easyrun,https://www.instagram.com/easy.run/,https://www.facebook.com/easyrunrun,https://sun9-64.userapi.com/c638717/v638717200/524b6/OEH5-DL2Vz0.jpg?ava=1,"Бег, велоспорт, плавание, йога, советы по ЗОЖ","Easy.run - бег, велоспорт, плавание, йога",Электрозаводская,sport,200,0,false,true,false,false,,,,
https://www.balletlpp.com/,info@balletlpp.com,,https://vk.com/balletlpp,https://www.instagram.com/ballet.lpp_moscow/,https://www.facebook.com/balletlpp/,"https://static.wixstatic.com/media/0aa51a_7fdb270764bd4a5f9f8bc6d53b3ff3f9%7Emv2_d_5527_3587_s_4_2.jpg/v1/fit/w_2500,h_1330,al_c/0aa51a_7fdb270764bd4a5f9f8bc6d53b3ff3f9%7Emv2_d_5527_3587_s_4_2.jpg https://sun9-44.userapi.com/c824503/v824503361/167a01/0rqnwvrUliY.jpg?ava=1",Школа балета для детей и взрослых Le Premier Pas,"Азовская ул., 32",Электрозаводская,dance,200,0,false,true,false,false,,,,
https://lyadov.music.mos.ru/,dmshlyadova@culture.mos.ru,84957777777,,,,https://lyadov.music.mos.ru/upload/iblock/494/05.04.20_site.jpg,ГБУДО г. Москвы «Детская музыкальная школа имени А.К. Лядова»,"Азовская ул., 33",Электрозаводская,music,200,0,false,true,false,false,,,,
http://rokaclub.ru/,reklama@jumpica.ru,89262354679,https://vk.com/public142789954,https://www.instagram.com/rokajudo/,https://www.facebook.com/rokajudo/,,Школа комплексного развития РОКА ДЗЮДО основана в 1998 году,"Азовская ул., 34",Электрозаводская,sport_wrestling,200,0,false,true,false,false,,,,
https://studiogrig.ru/,grigorysha24@mail.ru,89175733833,https://vk.com/club130783116,https://www.instagram.com/StudioGrig/,https://www.facebook.com/%D0%A1%D1%82%D1%83%D0%B4%D0%B8%D1%8F-%D0%9E%D0%BB%D1%8C%D0%B3%D0%B8-%D0%93%D1%80%D0%B8%D0%B3-644124972449230/,https://sun9-40.userapi.com/c840122/v840122146/669b8/qYSepwrvJW8.jpg?ava=1,"Студия танцев ""Grig Studio"" в Москве: студия хореографии и одежда для танцев",Хамовнический Вал 24,Спортивная,dance,200,0,false,true,false,false,,,,
http://www.icewolves.ru,press@icewolves.ru,84951378811,https://vk.com/icewolves_official,https://www.instagram.com/ice_wolves/,http://www.facebook.com/icewolves.ru/,http://www.icewolves.ru/wp-content/uploads/2019/12/udPesahEroc.jpg https://sun9-19.userapi.com/c845521/v845521714/14b59/eq7G_hVke5Y.jpg?ava=1,"ХК ""Ледяные Волки"" – Сайт любительского хоккейного клуба ""Ледяные Волки""",Хамовнический Вал 25,Спортивная,sport_game,200,0,false,true,false,false,,,,
http://tariverdiev.music.mos.ru/,uslugi@mos.ru,84951059691,,,,,ГБУДО г. Москвы «Детская музыкальная школа имени М.Л. Таривердиева»,Хамовнический Вал 26,Спортивная,music,200,0,false,true,false,false,,,,
https://combat-sambo.tiu.ru,support@tiu.ru,88005555053,https://vk.com/share.php?url=https://combat-sambo.tiu.ru/&image=https://images.ru.prom.st/357424490_w100_h100_357424490.jpg,,https://www.facebook.com/share.php?u=https://combat-sambo.tiu.ru/,,"""Боевое Самбо / Combat Sambo""",Хамовнический Вал 27,Спортивная,sport_wrestling,200,0,false,true,false,false,,,,
http://hustledance.ru,Rating@Mail.ru,84957772123,,,,,Главная - Танцевальный клуб Движение,Хамовнический Вал 28,Спортивная,dance,200,0,false,true,false,false,,,,
http://www.2015kallista.com,2015kallista@mail.ru,89099105425,,,https://www.facebook.com/zelenogradsports/,http://www.2015kallista.com/images/photo/36200b6f-b061-426c-b64a-5c3b88ed38c8.jpeg,Центр единоборств Каллиста Зеленоград,Хамовнический Вал 29,,sport_wrestling,200,0,false,true,false,false,,,,
http://www.100fit.ru,info@100fit.ru,89671324233,https://vk.com/fitness100,https://www.instagram.com/100fit/,https://www.facebook.com/fitness100,https://sun9-29.userapi.com/c857420/v857420462/1e5f43/7hyeuf7ifu8.jpg?ava=1,"Фитнес-центр 100% | Фитнес клуб в Москве (Солнцево, ЮЗАО)","МКАД, 47-й километр, вл31с1",Говорово,sport,200,0,false,true,false,false,,,,
http://silovoekatanie.ru,skatanie@mail.ru,89260273336,https://vk.com/silovoe_katanie,https://www.instagram.com/coach_shusterman,https://www.facebook.com/SilovoeKatanieMSK/,https://sun9-44.userapi.com/c626522/v626522366/4c840/hWzVB9CJRgY.jpg?ava=1,Силовое Катание - Мы учим хоккеистов быть лучшими!,"МКАД, 47-й километр, вл31с2",Говорово,sport_game,200,0,false,true,false,false,,,,
http://andreev.music.mos.ru/,msh_andreev@mail.ru,84959422133,,,,,ГБУДО г. Москвы «Детская музыкальная школа имени В.В. Андреева»,"МКАД, 47-й километр, вл31с3",Говорово,music,200,0,false,true,false,false,,,,
http://www.waterpolo.ru,waterpolo@ngs.ru,89787220335,,,,https://waterpolo.ru/images/news/placeholder.png,Федерация Водного Поло России,,Говорово,sport_water,200,0,false,true,false,false,,,,
http://rusboxing.ru,press@rusboxing.ru,89787220335,https://vk.com/club148618057,https://www.instagram.com/russianboxingfederation/,https://www.facebook.com/groups/russianboxing/?ref=ts&fref=ts,https://sun1-26.userapi.com/c836625/v836625615/64518/PCV84UEMv_Y.jpg?ava=1,Федерация Бокса России,"Лужнецкая набережная, 8с1",Воробьёвы горы,sport_wrestling,200,0,false,true,false,false,,,,
http://polomokauto.net/,mail@fiatexpert.ru,89787220335,,,,https://fiatexpert.ru/assets/images/car-service-fiat.jpg,Ремонт Фиат Дукато в Москве. Автосервис Fiat Ducato,"Лужнецкая набережная, 8с2",Воробьёвы горы,other,200,0,false,true,false,false,,,,
http://www.renardance.ru/,renardance@mail.ru,89787220335,,https://www.instagram.com/renar.dance/,https://www.facebook.com/profile.php?id=100001770042144&fref=ts,http://www.renardance.ru/photo/ballet/ballet_3_1_s.jpg,Школа танцев RenarDance в Москве,"Лужнецкая набережная, 8с3",Воробьёвы горы,dance,200,0,false,true,false,false,,,,
http://bokseru.ru/,torpedo@bokseru.ru,89787220335,http://vk.com/bokseruru,http://instagram.com/torpedobox,https://www.facebook.com/torpedobox,https://sun9-4.userapi.com/c844321/v844321595/d178a/pzLtf9YCW74.jpg?ava=1,"Школа бокса ТОРПЕДО Москва, официальный сайт секции бокса в Москве для детей и взрослых.",Восточная ул.,Воробьёвы горы,sport_wrestling,200,0,false,true,false,false,,,,
http://ballet-reverence.ru/,lissa2807@mail.ru,89787220335,https://vk.com/balletreverence,https://www.instagram.com/reverence_ballet_school/,https://www.facebook.com/%D0%91%D0%B0%D0%BB%D0%B5%D1%82%D0%BD%D0%B0%D1%8F-%D1%88%D0%BA%D0%BE%D0%BB%D0%B0-%D0%A0%D0%B5%D0%B2%D0%B5%D1%80%D0%B0%D0%BD%D1%81-721558947913085/,https://sun1-47.userapi.com/Rf_acIt49IE4pErvvIkTKi_Td-NkdOsHYTHPYw/S7PCHUbBkEM.jpg?ava=1,"Балет для взрозлых | Москва | Балетная школа ""Реверанс""",,Воробьёвы горы,dance,200,0,false,true,false,false,,,,
http://www.svk-club.ru/,u002F2514126da2264b6493407785cfb0aeaa@sentry-head.rambler.ru,89787220335,https://vk.com/public128643810,https://www.instagram.com/cntsovremennik/,https://www.facebook.com/groups/770216936453220/,,"Детско-подростковый клуб Современник | Настольный теннис, дартс, бодибилдинг, шахматы, карате",,Воробьёвы горы,sport_game,200,0,false,true,false,false,,,,
http://www.amadeus-show.ru/,amadeus-show@mail.ru,89787220335,https://vk.com/amadeus_show,https://www.instagram.com/amadeus_show/,https://www.facebook.com/showamadeus/,https://sun1-95.userapi.com/KblxHeNN6U8NDVvJRJnCWVRZXYCGfcE5Xm5-Yg/i3a1m_7jglg.jpg?ava=1,Шоу-балет Амадеус - танцевальные программы в Москве,,Воробьёвы горы,dance,200,0,false,true,false,false,,,,
https://www.hckatusha.com/,hckatusha@rambler.ru,89787220335,https://vk.com/hckatusha,https://instagram.com/hckatusha,,"https://static.wixstatic.com/media/eeb75e_bd70858787874327a413016771811cf8~mv2.jpg/v1/fill/w_591,h_591,al_c/eeb75e_bd70858787874327a413016771811cf8~mv2.jpg https://sun9-61.userapi.com/c836525/v836525880/64f67/_1BP-V4YJQk.jpg?ava=1","Хоккей | Хоккейный Клуб ""Катюша"" | Москва",район Орехово-Борисово Южное,Орехово,sport_game,200,0,false,true,false,false,,,,
http://www.badm.ru,info@badm.ru,89787220335,http://vk.com/club89858131,,https://www.facebook.com/rus.badminton,https://sun9-47.userapi.com/c621726/v621726886/175ce/9bTn-KTQ5z8.jpg?ava=1,Национальная Федерация Бадминтона России,,Университет,sport_game,200,0,false,true,false,false,,,,
http://universal-public.ru,info@universal-public.ru,89787220335,,,,,"Школа брейк данса, хип-хопа, хастла и грязные танцы. Школа Танцев в Москве ""UNIVERSAL-PUBLIC""",,Университет,dance,200,0,false,true,false,false,,,,
http://91.music.mos.ru,uslugi@mos.ru,89787220335,,,,https://91.music.mos.ru/upload/iblock/0d5/logotip_03_.jpg,"ГБУДО города Москвы ""Детская музыкальная школа №91""",,Университет,music,200,0,false,true,false,false,,,,
http://sch113uz.mskobr.ru,113@edu.mos.ru,89787220335,,,,,"Государственное бюджетное общеобразовательное учреждение города Москвы ""Школа № 113""",Шипиловский проезд 58,Университет,other,200,0,false,true,false,false,,,,
http://mosathletics.ru,anon@athleticsintegrity.org,89787220335,https://vk.com/mosathletics.federation,https://www.instagram.com/mosathletics_federation/,https://www.facebook.com/groups/mosathletics.federation,https://sun9-58.userapi.com/c624918/v624918309/1feb1/Z3a4cc3-NgA.jpg?ava=1,Московская лёгкая атлетика — Федерация лёгкой атлетики Москвы,Шипиловский проезд 59,Университет,sport,200,0,false,true,false,false,,,,
http://topdancer.ru,,,https://vk.com/club44278665,,http://facebook.com/openairs1/,http://topdancer.ru/images/disco/openair_130.jpg https://sun9-32.userapi.com/c307912/g44278665/d_de08b330.jpg?ava=1,Хастл дискотеки и диджеи Москвы и России,Шипиловский проезд 60,Первомайская,dance,200,0,false,true,false,false,,,,
http://schoolballet.com,support@schoolballet.com,89119202522,https://vk.com/scholl_ballet,https://www.instagram.com/rusballet_official/,https://www.facebook.com/schballet/?business_id=147553772553529,https://schoolballet.com/Content/ballet/img/ballet_logo.png https://sun1-87.userapi.com/taKg6AnSe2VYx2IYNwkqd2YpUXfI0FVNnop4ow/AyuYutNhJz0.jpg?ava=1,Детская школа «Русский балет»,Шипиловский проезд 61,Первомайская,dance,350,0,false,true,false,false,,,,
http://ckachat-chess.ru,Rating@Mail.ru,84994502779,,,,http://ckachat-chess.ru/wp-content/uploads/2020/04/sistemy-avtopoliva.jpg,Шахматы,Шипиловский проезд 62,Первомайская,sport_game,350,0,false,true,true,false,,,,
http://katok.top,info@katok.top,89151074664,https://vk.com/navershiny,https://www.instagram.com/msk_vershina/,https://www.facebook.com/mskvershina,https://sun9-39.userapi.com/c853516/v853516392/16f0f8/wsK9J_anoPU.jpg?ava=1,СК «Вершина»,Шипиловский проезд 63,Первомайская,sport_game,350,0,false,true,true,false,,,,
http://www.panterabasket.com,info@panterabasket.com,,,,,,Баскетбольный клуб Пантера (Москва),Шипиловский проезд 64,Первомайская,sport_game,350,0,false,true,true,false,,,,
https://icefusion.ru/,info@icefusion.ru,,https://vk.com/icefusion,https://www.instagram.com/icefusion_/,https://www.facebook.com/IceFusionTrainingCenter,https://icefusion.ru/wp-content/uploads/2018/08/Logo_ice-771x1024.png https://sun9-32.userapi.com/c848416/v848416878/6ff93/veh-FMNEBQk.jpg?ava=1,Школа фигурного катания и хоккея,"ул. Кржижановского, 31",Профсоюзная,sport_winter,350,0,false,true,true,false,,,,
http://www.rugby-tushino.ru,rugby_tushino@mail.ru,84957777777,,,,,ГБУ «СШОР № 103 «Южное Тушино» Москомспорта,"ул. Кржижановского, 32",,sport,350,0,false,true,true,false,,,,
http://premier-football.ru/,shop@premier-football.ru,89055426097,http://vk.com/premierfootball,https://www.instagram.com/premierfootballrussia/,https://www.facebook.com/PremierFootballRussia/,https://sun9-13.userapi.com/c850136/v850136422/be192/vAS-SIVGrFQ.jpg?ava=1,ПРЕМЬЕР ФУТБОЛ,"ул. Б.Каменщики, д.6",,sport_game,350,0,false,true,true,false,,,,
http://www.zebrafitness.ru,pr@zebrafitness.ru,84959267171,http://vk.com/zebrafit,,https://www.facebook.com/groups/zebrafitness/?ref=ts&fref=ts,https://sun9-61.userapi.com/c845219/v845219859/aff12/u01d4JEItFk.jpg?ava=1,Фитнес-клуб на братиславской: тренажерное оборудование 24 часа в сутки,улица Перерва дом 43 к. 1,Братиславская,sport,350,0,false,true,true,false,,,,
http://www.championika.ru,pr@championika.ru,84994907895,,,,https://championika.ru/_img/logo.png,"Занятия футболом для детей в Москве, тренировки для детей по футболу в Чемпионике",улица Перерва дом 43 к. 2,,sport_game,350,0,false,true,true,false,,,,
http://www.integral.football,football.integral@gmail.com,84993981510,https://vk.com/integral_football,https://www.instagram.com/integral_football/,https://www.facebook.com/%D0%A6%D0%9F%D0%AE%D0%A4-%D0%98%D0%BD%D1%82%D0%B5%D0%B3%D1%80%D0%B0%D0%BB-174909196479056/,https://integral.football/wp-content/uploads/2020/04/hBGUxfRDe-c-323x334.jpg https://sun9-19.userapi.com/c855136/v855136553/1bd288/cb6925K0nNI.jpg?ava=1,Футбольная секция для детей в Москве,"Барклая, 5а",Багратионовская,sport_game,350,0,false,true,true,false,,,,
http://goldstar-dance.ru,goldstardance@mail.ru,89150878643,http://vk.com/goldstardance,https://instagram.com/ballroom_dance_moscow/,https://www.facebook.com/goldstardanceru,,Школа бальных танцев в Москве,"Барклая, 5а",Нагорная,dance,350,0,false,true,true,false,,,,
http://www.sambo-70.ru/,,,,,,http://XN---70-5CDF9DPU.XN--P1AI/file_handler.php?image=24768,Самбо-70 - Добро пожаловать!,"Барклая, 5а",Нагорная,sport_wrestling,350,0,false,true,true,false,,,,
http://gershwin.music.mos.ru/,dmshgershvina@culture.mos.ru,88007070053,,,,,ГБУДО г. Москвы «Детская музыкальная школа имени Дж. Гершвина»,"Барклая, 5а",Нагорная,music,350,0,false,true,true,false,,,,
http://master.judo-zao.ru,judo-zao@ya.ru,89259105696,https://vk.com/judokaisei,https://instagram.com/judokaisei,https://facebook.com/judokaisei,https://sun9-53.userapi.com/c624227/v624227376/2ee99/9RTlJCmKy00.jpg?ava=1,Клуб ДЗЮДО «Мастер»,"улица Маршала Неделина, 34к1",Нагорная,sport_wrestling,350,0,false,true,true,false,,,,
http://innovation-hc.ru/,info@innovation-hc.ru,84957673099,https://vk.com/innovationhc,https://www.instagram.com/innovationhc/,https://www.facebook.com/innovation.hc/,https://innovation-hc.ru/assets/images/pole.jpg https://sun9-70.userapi.com/c636328/v636328038/5dcfb/DGRe2yC2W0k.jpg?ava=1,Крытый каток в Москве: Innovation hockey center,Бережковская набережная дом 20 стр. 6,Нагорная,sport_winter,350,0,false,true,true,false,,,,
http://www.hustledance.ru,Rating@Mail.ru,84957772123,,,,,Главная - Танцевальный клуб Движение,Бережковская набережная дом 20 стр. 7,Нагорная,dance,350,0,false,true,true,false,,,,
http://kitek.org/,89032858851@mail.ru,89032858851,https://vk.com/kitek_boxing_club,https://instagram.com/kitek.boxing/,,https://sun9-68.userapi.com/c840329/v840329430/88bd7/dNv3lT5lBpQ.jpg?ava=1,"Школа бокса Китэк в Москве, кикбоксинг, тайский бокс","Открытое ш., д.15, стр.21",Нагорная,sport_wrestling,350,0,false,true,true,false,,,,
http://haydn.music.mos.ru/,haydn.dmsh@mail.ru,84957027721,https://vk.com/haydn.dmsh,https://www.instagram.com/haydn.dmsh,https://www.facebook.com/haydndmsh,https://sun9-58.userapi.com/c850336/v850336832/30f95/XzulVY_PoFk.jpg?ava=1,ГБУДО г. Москвы «Детская музыкальная школа имени Йозефа Гайдна»,"ул. Новокосинская, 26",Нагорная,music,350,0,false,true,true,false,,,,
http://www.luxballet.com,LuxBallet@mail.ru,89164343651,https://vk.com/luxballet,https://www.instagram.com/luxballet,,https://sun1-21.userapi.com/bg88zRT5txVjeSW9Nq0prvHM_ajhZ-DxE9sqKw/Ofg93EA_pPs.jpg?ava=1,Классический балет на заказ | LuxBallet | Москва,"ул. Новокосинская, 27",Бульвар Дмитрия Донского,dance,350,0,false,true,true,false,,,,
http://footballreview.ru/futsal/,support@masterhost.ru,,,,,,[.m] masterhost - профессиональный хостинг сайта,"ул. Новокосинская, 28",Бульвар Дмитрия Донского,other,2250,0,false,true,true,false,,,,
http://west-hollywood.wix.com/express,Info@mysite.com,84957732214,http://vk.com/club20550849,,https://www.facebook.com/groups/519355011739861/,https://sun9-42.userapi.com/c9956/g20550849/b_45b4e0ef.jpg?ava=1,Школа танца Экспресс Москва ул. Ярцевская 7а/2,"ул. Новокосинская, 29",Бульвар Дмитрия Донского,dance,2250,0,false,true,true,false,,,,
http://volleyball.businesschampions.ru/,liga@businesschampions.ru,89169675574,,,,http://volleyball.businesschampions.ru/nox-themes/volleyball/images/logo.png,«ЛИГА ЧЕМПИОНОВ БИЗНЕСА» - крупнейший корпоративный турнир по волейболу,"ул. Новокосинская, 30",Бульвар Дмитрия Донского,sport_game,2250,0,false,true,true,false,,,,
http://balletfederation.com/,,84992482166,,,,http://balletfederation.com//wp-content/uploads/2016/09/76_v2.png,Международная федерация балетных конкурсов – МФБК,"ул. Новокосинская, 31",Бульвар Дмитрия Донского,dance,2250,0,false,true,true,false,,,,
http://sport1420.jimdo.com,,,,,http://www.facebook.com/sharer.php?u=https://sport1420.jimdofree.com/&t=%D0%93%D0%BB%D0%B0%D0%B2%D0%BD%D0%B0%D1%8F,,Самая тяжелая работа - это работа над собой!,"ул. Новокосинская, 32",Бульвар Дмитрия Донского,sport,2250,0,false,false,true,false,,,,
http://kurnyavkabox.ru,,89164373851,https://vk.com/boxmoscow,,https://www.facebook.com/,https://sun9-49.userapi.com/c637231/v637231355/32082/DiokZ5sdpoo.jpg?ava=1,"Боксерский клуб чемпиона мира Андрея Курнявка, Москва","ул. Новокосинская, 34",Бульвар Дмитрия Донского,sport_wrestling,2250,0,false,false,true,false,,,,
http://www.алх.рф,test@test.ru,84957303000,https://vk.com/ivanthockey,https://www.instagram.com/rfhockey.ru/,https://www.facebook.com/AmateurHockeyAssociation/,https://sun9-60.userapi.com/c639218/v639218249/492b3/vDUdHckOqmo.jpg?ava=1,Ассоциация Любительского Хоккея,,,sport_game,2250,0,false,false,true,false,,,,
https://khachaturian.music.mos.ru/,info@hrculturemos.ru,84954557776,,,,,ГБУДО г. Москвы «Детская музыкальная школа имени А.И. Хачатуряна»,,,music,2250,0,false,false,true,false,,,,
http://husbasket.ru,info@husbasket.ru,,https://vk.com/husbasket1,https://www.instagram.com/husbasket1/,,https://sun1-19.userapi.com/kpTmvNBxv3w3VU3NAnQtn_sH15jetBYDNlveUQ/lyEaCRKPHAM.jpg?ava=1,Главная | Спортивная академия Хаски,"улица Перерва, 41к2",Братиславская,sport,2250,0,false,false,false,false,,,,
http://fightjab.ru/,fightjab@gmail.com,89774440898,https://vk.com/public89167196,https://instagram.com/fight_jab,https://www.facebook.com/jab.box.9,http://fightjab.ru/wp-content/uploads/2017/10/jab_video_cover.jpg,Клуб бокса в Москве ДЖЕБ,"улица Перерва, 41к3",Аннино,sport_wrestling,2250,0,false,false,false,false,,,,
http://artobolevskaya.music.mos.ru,dmshartobolevskoy@culture.mos.ru,88007070053,,,,,ГБУДО г. Москвы «Детская музыкальная школа имени А.Д. Артоболевской»,"улица Перерва, 41к4",Аннино,music,2250,0,false,false,false,false,,,,
http://www.Mosvolley.com,mosvolley@gmail.com,4798691814,https://vk.com/mos_volley,https://www.instagram.com/mosvolley,https://www.facebook.com/MosVolley,https://sun9-3.userapi.com/c834103/v834103958/18601/rj8seXxkNlY.jpg?ava=1,МосВолей — Московский волейбол,"улица Перерва, 41к5",Аннино,sport_game,2250,0,false,false,false,false,,,,
http://www.tigrisfight.ru,mma_tigris@bk.ru,89859134516,https://vk.com/tigrismma,https://www.instagram.com/tigris_mma/,,https://i0.wp.com/www.tigrisfight.ru/wp-content/uploads/2019/10/IMG_8640-300x200.jpg?resize=532%2C354 https://sun9-13.userapi.com/c853516/v853516654/18b5f4/y2MlPR38ipY.jpg?ava=1,Секция единоборств в Москве,"Алтуфьевское шоссе, 72",Аннино,sport_wrestling,2250,0,false,false,false,false,,,,
http://moscowboxing.ru/,info@moscowboxing.ru,89999999999,https://vk.com/moscowboxing,https://www.instagram.com/moscowboxing.ru/,https://www.facebook.com/moscowboxing,https://sun9-71.userapi.com/c624218/v624218847/1e9da/Df1zoxQmVQc.jpg?ava=1,Секция бокса в Москве - Клуб бокса Moscowboxing,"Алтуфьевское шоссе, 73",Аннино,sport_wrestling,2250,0,false,false,false,false,,,,
https://www.hockeyinheart.com/,hockeyinheart@gmail.com,89251769216,https://vk.com/hockey_games,https://www.instagram.com/hockey_in_heart/,,https://sun9-38.userapi.com/c856020/v856020719/e8de4/ltUypZ1vT6U.jpg?ava=1,Хоккей в Сердце,"Алтуфьевское шоссе, 74",Аннино,sport_game,2250,0,false,false,false,false,,,,
http://www.yafootball.ru,facebook-30@2x.png,84993909298,https://vk.com/album-114273085_249919241,https://www.instagram.com/yafootball.ru/,https://www.facebook.com/groups/yafootball2015,"https://static.wixstatic.com/media/9b0cf5_48ca2f7a58214a019f739b283b458895.jpg/v1/fit/w_2500,h_1330,al_c/9b0cf5_48ca2f7a58214a019f739b283b458895.jpg ",Школа футбола Москва Я-футбол,"Алтуфьевское шоссе, 75",Аннино,sport_game,2250,0,false,false,false,false,,,,
https://www.sambo70.com,,,https://vk.com/sambo70julebino,https://www.instagram.com/sambo70julebino/,,"https://static.wixstatic.com/media/8324f2_0d706003356e43bbbf0be4dd2c667d5c~mv2_d_5472_3648_s_4_2.jpg/v1/fill/w_275,h_183,al_c,q_80,usm_0.66_1.00_0.01,blur_2/8324f2_0d706003356e43bbbf0be4dd2c667d5c~mv2_d_5472_3648_s_4_2.jpg https://sun9-5.userapi.com/c836531/v836531578/240df/3HW_dkS7s14.jpg?ava=1","Самбо-70 ""Жулебино"" | Самбо и дзюдо для детей от 5 лет | Москва",ул.Привольная 41,Аннино,sport_wrestling,2250,0,false,false,false,false,,,,
http://www.rusathletics.com,info@rusathletics.com,89807443318,https://vk.com/rusathleticscom,,https://www.facebook.com/RusAthletics/,https://sun9-27.userapi.com/c841524/v841524326/dc3/xjlLWi5HaGc.jpg?ava=1,RusAthletics – Легкая атлетика России,ул.Привольная 42,Аннино,sport,2250,0,false,false,false,false,,,,
http://www.nosovschool.ru,info@nosovschool.ru,89636904994,http://vk.com/nosovschool2014,https://www.instagram.com/nosovschool.ru/?hl=ru,http://www.facebook.com/nosovschool,,Школа боевых искусств Дмитрия Носова,ул.Привольная 43,Аннино,sport_wrestling,2250,0,false,false,false,false,,,,
https://www.laskadi.com,a.lagutina@laskadi.com,89663645898,https://vk.com/laskadi,https://www.instagram.com/la_skadi_life/,,https://sun9-70.userapi.com/c638220/v638220923/4b2f4/l7GPThhI6js.jpg?ava=1,Шоу-балет,ул.Привольная 44,Старокачалоская,dance,2250,0,false,false,false,false,,,,
http://artobolevskaya.music.mos.ru/,dmshartobolevskoy@culture.mos.ru,84999771629,,,,,ГБУДО г. Москвы «Детская музыкальная школа имени А.Д. Артоболевской»,ул.Привольная 45,Старокачалоская,music,2250,0,false,false,false,false,,,,
http://www.hustledance.ru/,Rating@Mail.ru,84957772123,,,,,Главная - Танцевальный клуб Движение,ул.Привольная 46,Старокачалоская,dance,2250,0,false,false,false,false,,,,
http://www.vestadance.ru,info@vestadance.ru,6645831110,http://vk.com/vestaclub,,http://www.facebook.com/VestaDance,https://sun1-84.userapi.com/uT2XDi-niIn_XDQu5scv4AhGkw18tEO3Ew16nQ/6CZpc9BZNiw.jpg?ava=1,"Школа танцев Vesta, обучение танцам, уроки танцев в группе и инивидуально",ул.Привольная 47,Старокачалоская,dance,2250,0,false,false,false,false,,,,
http://www.urokirisovaniya.ru,estet-art@bk.ru,84993917522,,,,,"Уроки рисования для взрослых, курсы для начинающих. Художественная школа в Москве.",ул.Привольная 48,Старокачалоская,art,2250,0,false,false,false,false,,,,
http://skating-star.ru/,skating-star@yandex.ru,84952357773,http://vk.com/skatingstar,https://www.instagram.com/skating_star.ru/,,https://sun9-55.userapi.com/c9423/v9423251/1bc7/6TE-b5AaNTs.jpg?ava=1,Индивидуальные занятия и тренировки по фигурному катанию в Москве,ул.Привольная 49,Старокачалоская,sport_winter,2250,0,false,false,false,false,,,,
http://www.wrestrus.ru,teheran@dks.ru,84957254566,http://vk.com/wrestrus_ru,http://instagram.com/wrestrus_ru,http://www.facebook.com/#!/pages/%D0%A4%D0%B5%D0%B4%D0%B5%D1%80%D0%B0%D1%86%D0%B8%D1%8F-%D1%81%D0%BF%D0%BE%D1%80%D1%82%D0%B8%D0%B2%D0%BD%D0%BE%D0%B9-%D0%B1%D0%BE%D1%80%D1%8C%D0%B1%D1%8B-%D0%A0%D0%BE%D1%81%D1%81%D0%B8%D0%B8/157559734312018,https://sun1-20.userapi.com/c837222/v837222940/16fa0/CBue0atCQYo.jpg?ava=1,Федерация спортивной борьбы России,ул.Привольная 50,Старокачалоская,sport_wrestling,2250,0,false,false,false,false,,,,
http://chessplanet.ru/,chessplanet@list.ru,,,,,,Шахматная планета,ул.Привольная 51,Улица академика Янгеля,sport_game,2250,0,false,false,false,false,,,,
http://borodin.music.mos.ru/,dmshborodina@culture.mos.ru,89646272277,,,,,ГБУДО г. Москвы «Детская музыкальная школа имени А.П. Бородина»,ул.Привольная 52,Улица академика Янгеля,music,2250,0,false,false,false,false,,,,
http://www.baseballrussia.ru,office@baseballrussia.ru,89163869643,,,https://www.facebook.com/RussianBaseballFederation/,,ФЕДЕРАЦИЯ БЕЙСБОЛА РОССИИ,ул.Привольная 53,Улица академика Янгеля,sport_game,2250,0,false,false,false,false,,,,
http://www.wsdance.com,,89150566626,https://vk.com/wsdance,https://instagram.com/wsdance,https://www.facebook.com/wsdance,https://wsdance.com/bitrix/templates/wsdanc/images/logo.png https://sun1-83.userapi.com/cAPlaU_GBDLSY1AT8FiONjpygwNM_4RvRG9RZQ/LRL7McToNq4.jpg?ava=1,Школа танцев в Москве,"1-я Тверская-Ямская улица, 8",Улица академика Янгеля,dance,2250,0,false,false,false,false,,,,
http://odoevskiy.music.mos.ru/,odoevsky-dmsh@list.ru,84999754374,,,,,ГБУДО г. Москвы «Детская музыкальная школа имени В.Ф. Одоевского»,"1-я Тверская-Ямская улица, 9",Улица академика Янгеля,music,2250,0,false,false,false,false,,,,
http://www.mcbi.ru/,sokolova@mcbi.ru,84956400996,https://vk.com/mcbi_moskomsporta,https://www.instagram.com/mcbi_moskomsporta/,https://www.facebook.com/mcbimoskomsporta/,https://sun9-11.userapi.com/c857532/v857532217/1d2f50/ujXIrb1xp9c.jpg?ava=1,ГАУ «СШОР «МЦБИ» Москомспорта,"Варшавское шоссе, 118",Улица академика Янгеля,sport,2250,0,false,false,false,false,,,,
